run_id,n_active,rep,burst,rd_per_group,wr_per_group,acc,acc_y,acc_x,hops,cyc_to_done,cyc_all_done,start_skew,start_off,cyc_active,polls,acc_tlb,acc_mem_lo,acc_mem_hi,acc_tot_lo,acc_tot_hi,acc_invocations,errors,timeout
1,1,1,8,1,1,0,0,2,2,623764,623785,112,7,623757,4097,1,508890,0,623587,0,1,0,0
2,1,2,8,1,1,0,0,2,2,623768,623789,106,7,623761,4097,1,508894,0,623591,0,1,0,0
3,1,3,8,1,1,0,0,2,2,623870,623891,106,7,623863,4098,1,508942,0,623639,0,1,0,0
4,2,1,8,1,1,0,0,2,2,623982,624151,220,7,623975,2049,1,508949,0,623646,0,1,0,0
4,2,1,8,1,1,1,1,0,1,624125,624151,220,111,624014,2049,1,508922,0,623619,0,1,0,0
5,2,2,8,1,1,0,0,2,2,623851,624026,220,7,623844,2050,1,508915,0,623612,0,1,0,0
5,2,2,8,1,1,1,1,0,1,624000,624026,220,111,623889,2050,1,508926,0,623623,0,1,0,0
6,2,3,8,1,1,0,0,2,2,623842,624014,220,7,623835,2049,1,508906,0,623603,0,1,0,0
6,2,3,8,1,1,1,1,0,1,623988,624014,220,111,623877,2049,1,508917,0,623614,0,1,0,0
7,4,1,8,1,1,0,0,2,2,769982,770444,444,7,769975,1377,1,654962,0,769659,0,1,0,0
7,4,1,8,1,1,1,1,0,1,770138,770444,444,106,770032,1377,1,654995,0,769692,0,1,0,0
7,4,1,8,1,1,2,1,1,2,770278,770444,444,214,770064,1377,1,655005,0,769702,0,1,0,0
7,4,1,8,1,1,3,1,2,3,770418,770444,444,322,770096,1377,1,654994,0,769691,0,1,0,0
8,4,2,8,1,1,0,0,2,2,768380,768828,444,7,768373,1388,1,653092,0,767789,0,1,0,0
8,4,2,8,1,1,1,1,0,1,768526,768828,444,106,768420,1388,1,653236,0,767933,0,1,0,0
8,4,2,8,1,1,2,1,1,2,768664,768828,444,214,768450,1388,1,653252,0,767949,0,1,0,0
8,4,2,8,1,1,3,1,2,3,768802,768828,444,322,768480,1388,1,653248,0,767945,0,1,0,0
9,4,3,8,1,1,0,0,2,2,769691,770174,444,7,769684,1377,1,654768,0,769465,0,1,0,0
9,4,3,8,1,1,1,1,0,1,769863,770174,444,106,769757,1377,1,654783,0,769480,0,1,0,0
9,4,3,8,1,1,2,1,1,2,770007,770174,444,214,769793,1377,1,654820,0,769517,0,1,0,0
9,4,3,8,1,1,3,1,2,3,770148,770174,444,322,769826,1377,1,654805,0,769502,0,1,0,0
10,6,1,8,1,1,0,0,2,2,1006931,1068820,690,7,1006924,1298,1,891711,0,1006408,0,1,0,0
10,6,1,8,1,1,1,1,0,1,1048315,1068820,690,106,1048209,1298,1,932724,0,1047421,0,1,0,0
10,6,1,8,1,1,2,1,1,2,1068017,1068820,690,214,1067803,1298,1,952790,0,1067487,0,1,0,0
10,6,1,8,1,1,3,1,2,3,1068164,1068820,690,322,1067842,1298,1,952857,0,1067554,0,1,0,0
10,6,1,8,1,1,4,2,0,2,1068656,1068820,690,438,1068218,1298,1,953209,0,1067906,0,1,0,0
10,6,1,8,1,1,5,2,1,3,1068794,1068820,690,562,1068232,1298,1,953241,0,1067938,0,1,0,0
11,6,2,8,1,1,0,0,2,2,1005477,1066989,701,7,1005470,1295,1,889967,0,1004664,0,1,0,0
11,6,2,8,1,1,1,1,0,1,1047162,1066989,701,117,1047045,1295,1,931910,0,1046607,0,1,0,0
11,6,2,8,1,1,2,1,1,2,1066684,1066989,701,225,1066459,1295,1,951042,0,1065739,0,1,0,0
11,6,2,8,1,1,3,1,2,3,1066225,1066989,701,333,1065892,1295,1,951007,0,1065704,0,1,0,0
11,6,2,8,1,1,4,2,0,2,1066832,1066989,701,449,1066383,1295,1,951243,0,1065940,0,1,0,0
11,6,2,8,1,1,5,2,1,3,1066963,1066989,701,573,1066390,1295,1,951269,0,1065966,0,1,0,0
12,6,3,8,1,1,0,0,2,2,1004675,1067132,681,7,1004668,1297,1,889703,0,1004400,0,1,0,0
12,6,3,8,1,1,1,1,0,1,1047344,1067132,681,106,1047238,1297,1,932137,0,1046834,0,1,0,0
12,6,3,8,1,1,2,1,1,2,1066352,1067132,681,214,1066138,1297,1,950766,0,1065463,0,1,0,0
12,6,3,8,1,1,3,1,2,3,1066490,1067132,681,322,1066168,1297,1,950805,0,1065502,0,1,0,0
12,6,3,8,1,1,4,2,0,2,1066969,1067132,681,438,1066531,1297,1,951519,0,1066216,0,1,0,0
12,6,3,8,1,1,5,2,1,3,1067106,1067132,681,562,1066544,1297,1,951477,0,1066174,0,1,0,0
13,1,1,32,1,1,0,0,2,2,265852,265873,106,7,265845,2048,1,236952,0,265633,0,1,0,0
14,1,2,32,1,1,0,0,2,2,265924,265945,130,7,265917,2048,1,237000,0,265681,0,1,0,0
15,1,3,32,1,1,0,0,2,2,265913,265934,106,7,265906,2048,1,236989,0,265670,0,1,0,0
16,2,1,32,1,1,0,0,2,2,286441,286612,243,7,286434,1025,1,257338,0,286019,0,1,0,0
16,2,1,32,1,1,1,1,0,1,286586,286612,243,111,286475,1025,1,257352,0,286033,0,1,0,0
17,2,2,32,1,1,0,0,2,2,286302,286471,232,7,286295,1025,1,257217,0,285898,0,1,0,0
17,2,2,32,1,1,1,1,0,1,286445,286471,232,111,286334,1025,1,257224,0,285905,0,1,0,0
18,2,3,32,1,1,0,0,2,2,286290,286336,230,7,286283,1025,1,257187,0,285868,0,1,0,0
18,2,3,32,1,1,1,1,0,1,286141,286336,230,111,286030,1025,1,257181,0,285862,0,1,0,0
19,4,1,32,1,1,0,0,2,2,332197,376849,497,7,332190,694,1,303186,0,331867,0,1,0,0
19,4,1,32,1,1,1,1,0,1,344258,376849,497,106,344152,694,1,315362,0,343597,0,1,0,0
19,4,1,32,1,1,2,1,1,2,376684,376849,497,242,376442,694,1,347785,0,376188,0,1,0,0
19,4,1,32,1,1,3,1,2,3,376823,376849,497,354,376469,694,1,347645,0,376208,0,1,0,0
20,4,2,32,1,1,0,0,2,2,331530,377095,510,7,331523,699,1,302110,0,330791,0,1,0,0
20,4,2,32,1,1,1,1,0,1,341739,377095,510,106,341633,699,1,313032,0,341267,0,1,0,0
20,4,2,32,1,1,2,1,1,2,376932,377095,510,226,376706,699,1,347954,0,376429,0,1,0,0
20,4,2,32,1,1,3,1,2,3,377069,377095,510,363,376706,699,1,347806,0,376313,0,1,0,0
21,4,3,32,1,1,0,0,2,2,333477,377524,508,7,333470,699,1,304187,0,332868,0,1,0,0
21,4,3,32,1,1,1,1,0,1,341864,377524,508,106,341758,699,1,313029,0,341245,0,1,0,0
21,4,3,32,1,1,2,1,1,2,377362,377524,508,224,377138,699,1,348448,0,376861,0,1,0,0
21,4,3,32,1,1,3,1,2,3,377498,377524,508,361,377137,699,1,348239,0,376745,0,1,0,0
22,6,1,32,1,1,0,0,2,2,352506,529704,783,7,352499,667,1,323379,0,352060,0,1,0,0
22,6,1,32,1,1,1,1,0,1,447001,529704,783,106,446895,667,1,417472,0,445989,0,1,0,0
22,6,1,32,1,1,2,1,1,2,528506,529704,783,226,528280,667,1,500657,0,527496,0,1,0,0
22,6,1,32,1,1,3,1,2,3,528035,529704,783,363,527672,667,1,499511,0,527416,0,1,0,0
22,6,1,32,1,1,4,2,0,2,529669,529704,783,504,529165,667,1,501986,0,528693,0,1,0,0
22,6,1,32,1,1,5,2,1,3,529473,529704,783,665,528808,667,1,500743,0,528639,0,1,0,0
23,6,2,32,1,1,0,0,2,2,351338,529637,782,7,351331,666,1,322366,0,351047,0,1,0,0
23,6,2,32,1,1,1,1,0,1,446899,529637,782,108,446791,666,1,417992,0,446558,0,1,0,0
23,6,2,32,1,1,2,1,1,2,529584,529637,782,228,529356,666,1,502153,0,528783,0,1,0,0
23,6,2,32,1,1,3,1,2,3,529261,529637,782,365,528896,666,1,500776,0,528692,0,1,0,0
23,6,2,32,1,1,4,2,0,2,529409,529637,782,506,528903,666,1,501222,0,528113,0,1,0,0
23,6,2,32,1,1,5,2,1,3,528938,529637,782,665,528273,666,1,500237,0,528093,0,1,0,0
24,6,3,32,1,1,0,0,2,2,352458,532115,767,7,352451,668,1,322978,0,351659,0,1,0,0
24,6,3,32,1,1,1,1,0,1,448469,532115,767,108,448361,668,1,419690,0,448162,0,1,0,0
24,6,3,32,1,1,2,1,1,2,532062,532115,767,231,531831,668,1,504781,0,531332,0,1,0,0
24,6,3,32,1,1,3,1,2,3,531875,532115,767,368,531507,668,1,503420,0,531250,0,1,0,0
24,6,3,32,1,1,4,2,0,2,531372,532115,767,509,530863,668,1,503753,0,530436,0,1,0,0
24,6,3,32,1,1,5,2,1,3,531543,532115,767,650,530893,668,1,502592,0,530417,0,1,0,0
25,1,1,128,1,1,0,0,2,2,164766,164787,106,7,164759,1024,1,157370,0,164547,0,1,0,0
26,1,2,128,1,1,0,0,2,2,164770,164791,106,7,164763,1024,1,157374,0,164551,0,1,0,0
27,1,3,128,1,1,0,0,2,2,164764,164785,106,7,164757,1024,1,157367,0,164544,0,1,0,0
28,2,1,128,1,1,0,0,2,2,249457,249805,308,7,249450,513,1,242042,0,249219,0,1,0,0
28,2,1,128,1,1,1,1,0,1,249779,249805,308,111,249668,513,1,242185,0,249362,0,1,0,0
29,2,2,128,1,1,0,0,2,2,249444,249791,310,7,249437,513,1,242013,0,249190,0,1,0,0
29,2,2,128,1,1,1,1,0,1,249765,249791,310,111,249654,513,1,242169,0,249346,0,1,0,0
30,2,3,128,1,1,0,0,2,2,249542,249889,307,7,249535,513,1,242129,0,249306,0,1,0,0
30,2,3,128,1,1,1,1,0,1,249863,249889,307,111,249752,513,1,242270,0,249447,0,1,0,0
31,4,1,128,1,1,0,0,2,2,299408,442100,778,7,299401,563,1,291513,0,298690,0,1,0,0
31,4,1,128,1,1,1,1,0,1,386558,442100,778,106,386452,563,1,378830,0,386007,0,1,0,0
31,4,1,128,1,1,2,1,1,2,441910,442100,778,301,441609,563,1,433917,0,441094,0,1,0,0
31,4,1,128,1,1,3,1,2,3,442074,442100,778,498,441576,563,1,434007,0,441184,0,1,0,0
32,4,2,128,1,1,0,0,2,2,299516,438061,758,7,299509,549,1,291342,0,298519,0,1,0,0
32,4,2,128,1,1,1,1,0,1,385204,438061,758,106,385098,549,1,377047,0,384224,0,1,0,0
32,4,2,128,1,1,2,1,1,2,438026,438061,758,302,437724,549,1,429925,0,437102,0,1,0,0
32,4,2,128,1,1,3,1,2,3,437853,438061,758,499,437354,549,1,429792,0,436969,0,1,0,0
33,4,3,128,1,1,0,0,2,2,306688,444575,758,7,306681,558,1,298545,0,305722,0,1,0,0
33,4,3,128,1,1,1,1,0,1,384322,444575,758,106,384216,558,1,376592,0,383769,0,1,0,0
33,4,3,128,1,1,2,1,1,2,444540,444575,758,302,444238,558,1,436439,0,443616,0,1,0,0
33,4,3,128,1,1,3,1,2,3,444367,444575,758,499,443868,558,1,436306,0,443483,0,1,0,0
34,6,1,128,1,1,0,0,2,2,302045,668781,1005,7,302038,525,1,293914,0,301091,0,1,0,0
34,6,1,128,1,1,1,1,0,1,452065,668781,1005,106,451959,525,1,444212,0,451389,0,1,0,0
34,6,1,128,1,1,2,1,1,2,668339,668781,1005,302,668037,525,1,660271,0,667448,0,1,0,0
34,6,1,128,1,1,3,1,2,3,668477,668781,1005,499,667978,525,1,660280,0,667457,0,1,0,0
34,6,1,128,1,1,4,2,0,2,668616,668781,1005,752,667864,525,1,660036,0,667213,0,1,0,0
34,6,1,128,1,1,5,2,1,3,668755,668781,1005,880,667875,525,1,660150,0,667327,0,1,0,0
35,6,2,128,1,1,0,0,2,2,300209,668472,1030,7,300202,525,1,292050,0,299227,0,1,0,0
35,6,2,128,1,1,1,1,0,1,451483,668472,1030,106,451377,525,1,443627,0,450804,0,1,0,0
35,6,2,128,1,1,2,1,1,2,668290,668472,1030,302,667988,525,1,659935,0,667112,0,1,0,0
35,6,2,128,1,1,3,1,2,3,668421,668472,1030,524,667897,525,1,659919,0,667096,0,1,0,0
35,6,2,128,1,1,4,2,0,2,667888,668472,1030,777,667111,525,1,659675,0,666852,0,1,0,0
35,6,2,128,1,1,5,2,1,3,668123,668472,1030,905,667218,525,1,659789,0,666966,0,1,0,0
36,6,3,128,1,1,0,0,2,2,300617,669263,1007,7,300610,526,1,292965,0,300142,0,1,0,0
36,6,3,128,1,1,1,1,0,1,451821,669263,1007,106,451715,526,1,443968,0,451145,0,1,0,0
36,6,3,128,1,1,2,1,1,2,669082,669263,1007,302,668780,526,1,660698,0,667875,0,1,0,0
36,6,3,128,1,1,3,1,2,3,669212,669263,1007,499,668713,526,1,660697,0,667874,0,1,0,0
36,6,3,128,1,1,4,2,0,2,668768,669263,1007,752,668016,526,1,660449,0,667626,0,1,0,0
36,6,3,128,1,1,5,2,1,3,668915,669263,1007,884,668031,526,1,660570,0,667747,0,1,0,0
37,1,1,256,1,1,0,0,2,2,148431,148452,106,7,148424,512,1,144619,0,148212,0,1,0,0
38,1,2,256,1,1,0,0,2,2,148342,148363,106,7,148335,512,1,144530,0,148123,0,1,0,0
39,1,3,256,1,1,0,0,2,2,148462,148483,106,7,148455,512,1,144623,0,148216,0,1,0,0
40,2,1,256,1,1,0,0,2,2,255889,256235,435,7,255882,384,1,251802,0,255395,0,1,0,0
40,2,1,256,1,1,1,1,0,1,256209,256235,435,111,256098,384,1,252071,0,255664,0,1,0,0
41,2,2,256,1,1,0,0,2,2,255883,256230,436,7,255876,384,1,251797,0,255390,0,1,0,0
41,2,2,256,1,1,1,1,0,1,256204,256230,436,111,256093,384,1,252065,0,255658,0,1,0,0
42,2,3,256,1,1,0,0,2,2,255858,256205,434,7,255851,384,1,251772,0,255365,0,1,0,0
42,2,3,256,1,1,1,1,0,1,256179,256205,434,111,256068,384,1,252042,0,255635,0,1,0,0
43,4,1,256,1,1,0,0,2,2,335104,481161,1273,7,335097,436,1,331273,0,334866,0,1,0,0
43,4,1,256,1,1,1,1,0,1,417454,481161,1273,109,417345,436,1,412799,0,416392,0,1,0,0
43,4,1,256,1,1,2,1,1,2,480858,481161,1273,433,480425,436,1,476377,0,479970,0,1,0,0
43,4,1,256,1,1,3,1,2,3,481135,481161,1273,758,480377,436,1,476117,0,479710,0,1,0,0
44,4,2,256,1,1,0,0,2,2,335149,481221,1282,7,335142,436,1,331297,0,334890,0,1,0,0
44,4,2,256,1,1,1,1,0,1,417551,481221,1282,106,417445,436,1,412900,0,416493,0,1,0,0
44,4,2,256,1,1,2,1,1,2,480943,481221,1282,429,480514,436,1,476454,0,480047,0,1,0,0
44,4,2,256,1,1,3,1,2,3,481195,481221,1282,767,480428,436,1,476193,0,479786,0,1,0,0
45,4,3,256,1,1,0,0,2,2,335006,481039,1272,7,334999,436,1,331177,0,334770,0,1,0,0
45,4,3,256,1,1,1,1,0,1,417400,481039,1272,108,417292,436,1,412746,0,416339,0,1,0,0
45,4,3,256,1,1,2,1,1,2,480760,481039,1272,432,480328,436,1,476280,0,479873,0,1,0,0
45,4,3,256,1,1,3,1,2,3,481013,481039,1272,757,480256,436,1,476020,0,479613,0,1,0,0
46,6,1,256,1,1,0,0,2,2,318443,734261,1801,7,318436,453,1,314070,0,317663,0,1,0,0
46,6,1,256,1,1,1,1,0,1,481128,734261,1801,106,481022,453,1,476455,0,480048,0,1,0,0
46,6,1,256,1,1,2,1,1,2,733608,734261,1801,432,733176,453,1,728879,0,732472,0,1,0,0
46,6,1,256,1,1,3,1,2,3,733856,734261,1801,758,733098,453,1,728863,0,732456,0,1,0,0
46,6,1,256,1,1,4,2,0,2,734097,734261,1801,1267,732830,453,1,728338,0,731931,0,1,0,0
46,6,1,256,1,1,5,2,1,3,734235,734261,1801,1547,732688,453,1,728580,0,732173,0,1,0,0
47,6,2,256,1,1,0,0,2,2,318483,734228,1822,7,318476,453,1,314085,0,317678,0,1,0,0
47,6,2,256,1,1,1,1,0,1,481172,734228,1822,106,481066,453,1,476502,0,480095,0,1,0,0
47,6,2,256,1,1,2,1,1,2,733573,734228,1822,430,733143,453,1,728846,0,732439,0,1,0,0
47,6,2,256,1,1,3,1,2,3,733822,734228,1822,755,733067,453,1,728831,0,732424,0,1,0,0
47,6,2,256,1,1,4,2,0,2,734062,734228,1822,1264,732798,453,1,728306,0,731899,0,1,0,0
47,6,2,256,1,1,5,2,1,3,734202,734228,1822,1544,732658,453,1,728524,0,732117,0,1,0,0
48,6,3,256,1,1,0,0,2,2,318438,734250,1835,7,318431,453,1,314065,0,317658,0,1,0,0
48,6,3,256,1,1,1,1,0,1,481109,734250,1835,106,481003,453,1,476438,0,480031,0,1,0,0
48,6,3,256,1,1,2,1,1,2,733597,734250,1835,429,733168,453,1,728852,0,732445,0,1,0,0
48,6,3,256,1,1,3,1,2,3,733845,734250,1835,772,733073,453,1,728836,0,732429,0,1,0,0
48,6,3,256,1,1,4,2,0,2,734085,734250,1835,1282,732803,453,1,728292,0,731885,0,1,0,0
48,6,3,256,1,1,5,2,1,3,734224,734250,1835,1582,732642,453,1,728534,0,732127,0,1,0,0
49,1,1,1024,1,1,0,0,2,2,135506,135527,106,7,135499,128,1,134382,0,135287,0,1,0,0
50,1,2,1024,1,1,0,0,2,2,135495,135516,106,7,135488,128,1,134371,0,135276,0,1,0,0
51,1,3,1024,1,1,0,0,2,2,135499,135520,106,7,135492,128,1,134375,0,135280,0,1,0,0
52,2,1,1024,1,1,0,0,2,2,259796,260910,1204,7,259789,96,1,257621,0,258526,0,1,0,0
52,2,1,1024,1,1,1,1,0,1,260884,260910,1204,111,260773,96,1,258665,0,259570,0,1,0,0
53,2,2,1024,1,1,0,0,2,2,258790,259836,223,7,258783,96,1,257649,0,258554,0,1,0,0
53,2,2,1024,1,1,1,1,0,1,259810,259836,223,111,259699,96,1,258556,0,259461,0,1,0,0
54,2,3,1024,1,1,0,0,2,2,259771,260884,1204,7,259764,96,1,257602,0,258507,0,1,0,0
54,2,3,1024,1,1,1,1,0,1,260858,260884,1204,111,260747,96,1,258638,0,259543,0,1,0,0
55,4,1,1024,1,1,0,0,2,2,324452,481246,4342,7,324445,109,1,319165,0,320070,0,1,0,0
55,4,1,1024,1,1,1,1,0,1,409970,481246,4342,106,409864,109,1,405702,0,406607,0,1,0,0
55,4,1,1024,1,1,2,1,1,2,479105,481246,4342,1198,477907,109,1,475780,0,476685,0,1,0,0
55,4,1,1024,1,1,3,1,2,3,481220,481246,4342,2291,478929,109,1,475864,0,476769,0,1,0,0
56,4,2,1024,1,1,0,0,2,2,307401,467989,4345,7,307394,107,1,302148,0,303053,0,1,0,0
56,4,2,1024,1,1,1,1,0,1,404410,467989,4345,106,404304,107,1,400016,0,400921,0,1,0,0
56,4,2,1024,1,1,2,1,1,2,465848,467989,4345,1198,464650,107,1,462519,0,463424,0,1,0,0
56,4,2,1024,1,1,3,1,2,3,467963,467989,4345,2294,465669,107,1,462604,0,463509,0,1,0,0
57,4,3,1024,1,1,0,0,2,2,322682,477505,4344,7,322675,108,1,318493,0,319398,0,1,0,0
57,4,3,1024,1,1,1,1,0,1,405209,477505,4344,106,405103,108,1,401961,0,402866,0,1,0,0
57,4,3,1024,1,1,2,1,1,2,476380,477505,4344,1198,475182,108,1,472036,0,472941,0,1,0,0
57,4,3,1024,1,1,3,1,2,3,477479,477505,4344,2293,475186,108,1,472119,0,473024,0,1,0,0
58,6,1,1024,1,1,0,0,2,2,324683,743843,6437,7,324676,112,1,321392,0,322297,0,1,0,0
58,6,1,1024,1,1,1,1,0,1,486588,743843,6437,106,486482,112,1,483338,0,484243,0,1,0,0
58,6,1,1024,1,1,2,1,1,2,741653,743843,6437,1198,740455,112,1,737310,0,738215,0,1,0,0
58,6,1,1024,1,1,3,1,2,3,742670,743843,6437,2291,740379,112,1,737295,0,738200,0,1,0,0
58,6,1,1024,1,1,4,2,0,2,743678,743843,6437,4336,739342,112,1,735203,0,736108,0,1,0,0
58,6,1,1024,1,1,5,2,1,3,743817,743843,6437,5416,738401,112,1,736213,0,737118,0,1,0,0
59,6,2,1024,1,1,0,0,2,2,324673,745675,6438,7,324666,113,1,321349,0,322254,0,1,0,0
59,6,2,1024,1,1,1,1,0,1,486494,745675,6438,106,486388,113,1,483244,0,484149,0,1,0,0
59,6,2,1024,1,1,2,1,1,2,742405,745675,6438,1198,741207,113,1,739080,0,739985,0,1,0,0
59,6,2,1024,1,1,3,1,2,3,745631,745675,6438,2291,743340,113,1,739065,0,739970,0,1,0,0
59,6,2,1024,1,1,4,2,0,2,744438,745675,6438,4336,740102,113,1,736971,0,737876,0,1,0,0
59,6,2,1024,1,1,5,2,1,3,745453,745675,6438,5418,740035,113,1,737982,0,738887,0,1,0,0
60,6,3,1024,1,1,0,0,2,2,324661,745808,6444,7,324654,113,1,321376,0,322281,0,1,0,0
60,6,3,1024,1,1,1,1,0,1,486636,745808,6444,106,486530,113,1,483371,0,484276,0,1,0,0
60,6,3,1024,1,1,2,1,1,2,742538,745808,6444,1203,741335,113,1,739211,0,740116,0,1,0,0
60,6,3,1024,1,1,3,1,2,3,745764,745808,6444,2293,743471,113,1,739196,0,740101,0,1,0,0
60,6,3,1024,1,1,4,2,0,2,744571,745808,6444,4338,740233,113,1,737102,0,738007,0,1,0,0
60,6,3,1024,1,1,5,2,1,3,745586,745808,6444,5420,740166,113,1,738109,0,739014,0,1,0,0
61,1,1,4096,1,1,0,0,2,2,132330,132351,106,7,132323,32,1,131878,0,132111,0,1,0,0
62,1,2,4096,1,1,0,0,2,2,132342,132363,109,7,132335,32,1,131887,0,132120,0,1,0,0
63,1,3,4096,1,1,0,0,2,2,132361,132382,106,7,132354,32,1,131909,0,132142,0,1,0,0
64,2,1,4096,1,1,0,0,2,2,253977,262260,4301,7,253970,32,1,253509,0,253742,0,1,0,0
64,2,1,4096,1,1,1,1,0,1,262234,262260,4301,111,262123,32,1,257592,0,257825,0,1,0,0
65,2,2,4096,1,1,0,0,2,2,254013,262296,4279,7,254006,32,1,253544,0,253777,0,1,0,0
65,2,2,4096,1,1,1,1,0,1,262270,262296,4279,111,262159,32,1,257649,0,257882,0,1,0,0
66,2,3,4096,1,1,0,0,2,2,254024,262329,4278,7,254017,32,1,253556,0,253789,0,1,0,0
66,2,3,4096,1,1,1,1,0,1,262303,262329,4278,111,262192,32,1,257662,0,257895,0,1,0,0
67,4,1,4096,1,1,0,0,2,2,311147,523891,12546,7,311140,39,1,306590,0,306823,0,1,0,0
67,4,1,4096,1,1,1,1,0,1,425719,523891,12546,106,425613,39,1,421086,0,421319,0,1,0,0
67,4,1,4096,1,1,2,1,1,2,519771,523891,12546,4270,515501,39,1,510973,0,511206,0,1,0,0
67,4,1,4096,1,1,3,1,2,3,523865,523891,12546,8437,515428,39,1,510958,0,511191,0,1,0,0
68,4,2,4096,1,1,0,0,2,2,311160,523901,12544,7,311153,39,1,306602,0,306835,0,1,0,0
68,4,2,4096,1,1,1,1,0,1,425727,523901,12544,106,425621,39,1,421093,0,421326,0,1,0,0
68,4,2,4096,1,1,2,1,1,2,519780,523901,12544,4270,515510,39,1,510983,0,511216,0,1,0,0
68,4,2,4096,1,1,3,1,2,3,523875,523901,12544,8435,515440,39,1,510969,0,511202,0,1,0,0
69,4,3,4096,1,1,0,0,2,2,311157,523895,12544,7,311150,39,1,306599,0,306832,0,1,0,0
69,4,3,4096,1,1,1,1,0,1,425725,523895,12544,106,425619,39,1,421084,0,421317,0,1,0,0
69,4,3,4096,1,1,2,1,1,2,519775,523895,12544,4270,515505,39,1,510978,0,511211,0,1,0,0
69,4,3,4096,1,1,3,1,2,3,523869,523895,12544,8435,515434,39,1,510964,0,511197,0,1,0,0
70,6,1,4096,1,1,0,0,2,2,319319,785698,20776,7,319312,38,1,318851,0,319084,0,1,0,0
70,6,1,4096,1,1,1,1,0,1,527935,785698,20776,106,527829,38,1,506919,0,507152,0,1,0,0
70,6,1,4096,1,1,2,1,1,2,777367,785698,20776,4279,773088,38,1,764467,0,764700,0,1,0,0
70,6,1,4096,1,1,3,1,2,3,781451,785698,20776,8444,773007,38,1,768538,0,768771,0,1,0,0
70,6,1,4096,1,1,4,2,0,2,785533,785698,20776,12547,772986,38,1,760330,0,760563,0,1,0,0
70,6,1,4096,1,1,5,2,1,3,785672,785698,20776,16670,769002,38,1,764400,0,764633,0,1,0,0
71,6,2,4096,1,1,0,0,2,2,319350,785756,20744,7,319343,38,1,318882,0,319115,0,1,0,0
71,6,2,4096,1,1,1,1,0,1,527964,785756,20744,106,527858,38,1,506951,0,507184,0,1,0,0
71,6,2,4096,1,1,2,1,1,2,777394,785756,20744,4270,773124,38,1,764507,0,764740,0,1,0,0
71,6,2,4096,1,1,3,1,2,3,781488,785756,20744,8435,773053,38,1,768578,0,768811,0,1,0,0
71,6,2,4096,1,1,4,2,0,2,785566,785756,20744,12538,773028,38,1,760394,0,760627,0,1,0,0
71,6,2,4096,1,1,5,2,1,3,785730,785756,20744,16638,769092,38,1,764466,0,764699,0,1,0,0
72,6,3,4096,1,1,0,0,2,2,319304,785692,20744,7,319297,38,1,318836,0,319069,0,1,0,0
72,6,3,4096,1,1,1,1,0,1,527889,785692,20744,106,527783,38,1,506903,0,507136,0,1,0,0
72,6,3,4096,1,1,2,1,1,2,777345,785692,20744,4270,773075,38,1,764458,0,764691,0,1,0,0
72,6,3,4096,1,1,3,1,2,3,781433,785692,20744,8435,772998,38,1,768529,0,768762,0,1,0,0
72,6,3,4096,1,1,4,2,0,2,785528,785692,20744,12538,772990,38,1,760345,0,760578,0,1,0,0
72,6,3,4096,1,1,5,2,1,3,785666,785692,20744,16638,769028,38,1,764414,0,764647,0,1,0,0
73,1,1,16384,1,1,0,0,2,2,131593,131614,123,7,131586,8,1,131293,0,131358,0,1,0,0
74,1,2,16384,1,1,0,0,2,2,131578,131599,106,7,131571,8,1,131294,0,131359,0,1,0,0
75,1,3,16384,1,1,0,0,2,2,131566,131587,106,7,131559,8,1,131282,0,131347,0,1,0,0
76,2,1,16384,1,1,0,0,2,2,229629,262489,16564,7,229622,8,1,229311,0,229376,0,1,0,0
76,2,1,16384,1,1,1,1,0,1,262463,262489,16564,111,262352,8,1,245724,0,245789,0,1,0,0
77,2,2,16384,1,1,0,0,2,2,229616,262499,16564,7,229609,8,1,229315,0,229380,0,1,0,0
77,2,2,16384,1,1,1,1,0,1,262473,262499,16564,111,262362,8,1,245711,0,245776,0,1,0,0
78,2,3,16384,1,1,0,0,2,2,229641,262502,16564,7,229634,8,1,229340,0,229405,0,1,0,0
78,2,3,16384,1,1,1,1,0,1,262476,262502,16564,111,262365,8,1,245736,0,245801,0,1,0,0
79,4,1,16384,1,1,0,0,2,2,262372,524486,49408,7,262365,9,1,262071,0,262136,0,1,0,0
79,4,1,16384,1,1,1,1,0,1,426179,524486,49408,106,426073,9,1,376666,0,376731,0,1,0,0
79,4,1,16384,1,1,2,1,1,2,508080,524486,49408,16558,491522,9,1,474874,0,474939,0,1,0,0
79,4,1,16384,1,1,3,1,2,3,524460,524486,49408,33011,491449,9,1,474860,0,474925,0,1,0,0
80,4,2,16384,1,1,0,0,2,2,262387,524483,49408,7,262380,9,1,262083,0,262148,0,1,0,0
80,4,2,16384,1,1,1,1,0,1,426198,524483,49408,106,426092,9,1,376685,0,376750,0,1,0,0
80,4,2,16384,1,1,2,1,1,2,508075,524483,49408,16558,491517,9,1,474870,0,474935,0,1,0,0
80,4,2,16384,1,1,3,1,2,3,524457,524483,49408,33011,491446,9,1,474856,0,474921,0,1,0,0
81,4,3,16384,1,1,0,0,2,2,262355,524451,49408,7,262348,9,1,262052,0,262117,0,1,0,0
81,4,3,16384,1,1,1,1,0,1,426164,524451,49408,106,426058,9,1,376639,0,376704,0,1,0,0
81,4,3,16384,1,1,2,1,1,2,508043,524451,49408,16558,491485,9,1,474838,0,474903,0,1,0,0
81,4,3,16384,1,1,3,1,2,3,524425,524451,49408,33011,491414,9,1,474824,0,474889,0,1,0,0
82,6,1,16384,1,1,0,0,2,2,295157,786632,82184,7,295150,9,1,294857,0,294922,0,1,0,0
82,6,1,16384,1,1,1,1,0,1,475310,786632,82184,106,475204,9,1,458556,0,458621,0,1,0,0
82,6,1,16384,1,1,2,1,1,2,753723,786632,82184,16558,737165,9,1,704140,0,704205,0,1,0,0
82,6,1,16384,1,1,3,1,2,3,770100,786632,82184,33011,737089,9,1,720499,0,720564,0,1,0,0
82,6,1,16384,1,1,4,2,0,2,786468,786632,82184,49402,737066,9,1,687739,0,687804,0,1,0,0
82,6,1,16384,1,1,5,2,1,3,786606,786632,82184,65790,720816,9,1,704096,0,704161,0,1,0,0
83,6,2,16384,1,1,0,0,2,2,295161,786638,82198,7,295154,9,1,294861,0,294926,0,1,0,0
83,6,2,16384,1,1,1,1,0,1,475312,786638,82198,106,475206,9,1,458560,0,458625,0,1,0,0
83,6,2,16384,1,1,2,1,1,2,753727,786638,82198,16556,737171,9,1,704144,0,704209,0,1,0,0
83,6,2,16384,1,1,3,1,2,3,770102,786638,82198,33011,737091,9,1,720488,0,720553,0,1,0,0
83,6,2,16384,1,1,4,2,0,2,786473,786638,82198,49416,737057,9,1,687728,0,687793,0,1,0,0
83,6,2,16384,1,1,5,2,1,3,786612,786638,82198,65804,720808,9,1,704085,0,704150,0,1,0,0
84,6,3,16384,1,1,0,0,2,2,376982,786584,65753,7,376975,9,1,294788,0,294853,0,1,0,0
84,6,3,16384,1,1,1,1,0,1,475283,786584,65753,106,475177,9,1,474860,0,474925,0,1,0,0
84,6,3,16384,1,1,2,1,1,2,753675,786584,65753,206,753469,9,1,720510,0,720575,0,1,0,0
84,6,3,16384,1,1,3,1,2,3,770051,786584,65753,16594,753457,9,1,736868,0,736933,0,1,0,0
84,6,3,16384,1,1,4,2,0,2,786420,786584,65753,32985,753435,9,1,704122,0,704187,0,1,0,0
84,6,3,16384,1,1,5,2,1,3,786558,786584,65753,49359,737199,9,1,720479,0,720544,0,1,0,0
85,1,1,8,1,0,0,0,2,2,453767,453788,106,7,453760,3352,1,371643,0,453572,0,1,0,0
86,1,2,8,1,0,0,0,2,2,453780,453801,106,7,453773,3352,1,371597,0,453526,0,1,0,0
87,1,3,8,1,0,0,0,2,2,453755,453776,106,7,453748,3352,1,371610,0,453539,0,1,0,0
88,2,1,8,1,0,0,0,2,2,499057,499229,241,7,499050,1639,1,416874,0,498803,0,1,0,0
88,2,1,8,1,0,1,1,0,1,499203,499229,241,111,499092,1639,1,416890,0,498819,0,1,0,0
89,2,2,8,1,0,0,0,2,2,498892,499064,220,7,498885,1639,1,416767,0,498696,0,1,0,0
89,2,2,8,1,0,1,1,0,1,499038,499064,220,111,498927,1639,1,416747,0,498676,0,1,0,0
90,2,3,8,1,0,0,0,2,2,499054,499227,220,7,499047,1639,1,416894,0,498823,0,1,0,0
90,2,3,8,1,0,1,1,0,1,499201,499227,220,111,499090,1639,1,416875,0,498804,0,1,0,0
91,4,1,8,1,0,0,0,2,2,517167,517629,472,7,517160,975,1,434880,0,516809,0,1,0,0
91,4,1,8,1,0,1,1,0,1,517328,517629,472,106,517222,975,1,434837,0,516766,0,1,0,0
91,4,1,8,1,0,2,1,1,2,517465,517629,472,214,517251,975,1,434854,0,516783,0,1,0,0
91,4,1,8,1,0,3,1,2,3,517603,517629,472,352,517251,975,1,434842,0,516771,0,1,0,0
92,4,2,8,1,0,0,0,2,2,517024,517489,448,7,517017,975,1,434736,0,516665,0,1,0,0
92,4,2,8,1,0,1,1,0,1,517186,517489,448,106,517080,975,1,434694,0,516623,0,1,0,0
92,4,2,8,1,0,2,1,1,2,517324,517489,448,214,517110,975,1,434758,0,516687,0,1,0,0
92,4,2,8,1,0,3,1,2,3,517463,517489,448,328,517135,975,1,434723,0,516652,0,1,0,0
93,4,3,8,1,0,0,0,2,2,518131,518191,443,7,518124,973,1,435489,0,517418,0,1,0,0
93,4,3,8,1,0,1,1,0,1,517693,518191,443,106,517587,973,1,435450,0,517379,0,1,0,0
93,4,3,8,1,0,2,1,1,2,517843,518191,443,214,517629,973,1,435454,0,517383,0,1,0,0
93,4,3,8,1,0,3,1,2,3,517984,518191,443,328,517656,973,1,435442,0,517371,0,1,0,0
94,6,1,8,1,0,0,0,2,2,645700,646442,686,7,645693,757,1,563139,0,645068,0,1,0,0
94,6,1,8,1,0,1,1,0,1,645846,646442,686,106,645740,757,1,563163,0,645092,0,1,0,0
94,6,1,8,1,0,2,1,1,2,645984,646442,686,223,645761,757,1,563145,0,645074,0,1,0,0
94,6,1,8,1,0,3,1,2,3,646123,646442,686,327,645796,757,1,563180,0,645109,0,1,0,0
94,6,1,8,1,0,4,2,0,2,646262,646442,686,451,645811,757,1,563142,0,645071,0,1,0,0
94,6,1,8,1,0,5,2,1,3,646416,646442,686,575,645841,757,1,563133,0,645062,0,1,0,0
95,6,2,8,1,0,0,0,2,2,645852,646631,673,7,645845,755,1,563671,0,645600,0,1,0,0
95,6,2,8,1,0,1,1,0,1,646020,646631,673,106,645914,755,1,563677,0,645606,0,1,0,0
95,6,2,8,1,0,2,1,1,2,646180,646631,673,214,645966,755,1,563710,0,645639,0,1,0,0
95,6,2,8,1,0,3,1,2,3,646328,646631,673,328,646000,755,1,563719,0,645648,0,1,0,0
95,6,2,8,1,0,4,2,0,2,646467,646631,673,442,646025,755,1,563659,0,645588,0,1,0,0
95,6,2,8,1,0,5,2,1,3,646605,646631,673,562,646043,755,1,563647,0,645576,0,1,0,0
96,6,3,8,1,0,0,0,2,2,646646,647394,666,7,646639,757,1,564330,0,646259,0,1,0,0
96,6,3,8,1,0,1,1,0,1,646805,647394,666,106,646699,757,1,564315,0,646244,0,1,0,0
96,6,3,8,1,0,2,1,1,2,646950,647394,666,214,646736,757,1,564359,0,646288,0,1,0,0
96,6,3,8,1,0,3,1,2,3,647089,647394,666,328,646761,757,1,564342,0,646271,0,1,0,0
96,6,3,8,1,0,4,2,0,2,647228,647394,666,442,646786,757,1,564322,0,646251,0,1,0,0
96,6,3,8,1,0,5,2,1,3,647368,647394,666,554,646814,757,1,564277,0,646206,0,1,0,0
97,1,1,32,1,0,0,0,2,2,160779,160800,106,7,160772,1055,1,140057,0,160546,0,1,0,0
98,1,2,32,1,0,0,0,2,2,160704,160725,108,7,160697,1054,1,140030,0,160519,0,1,0,0
99,1,3,32,1,0,0,0,2,2,160737,160758,106,7,160730,1055,1,140064,0,160553,0,1,0,0
100,2,1,32,1,0,0,0,2,2,164519,164688,232,7,164512,540,1,143640,0,164129,0,1,0,0
100,2,1,32,1,0,1,1,0,1,164662,164688,232,111,164551,540,1,143643,0,164132,0,1,0,0
101,2,2,32,1,0,0,0,2,2,164289,164461,230,7,164282,539,1,143615,0,164104,0,1,0,0
101,2,2,32,1,0,1,1,0,1,164435,164461,230,111,164324,539,1,143621,0,164110,0,1,0,0
102,2,3,32,1,0,0,0,2,2,164548,164594,230,7,164541,540,1,143629,0,164118,0,1,0,0
102,2,3,32,1,0,1,1,0,1,164402,164594,230,111,164291,540,1,143610,0,164099,0,1,0,0
103,4,1,32,1,0,0,0,2,2,226893,227340,507,7,226886,372,1,205930,0,226419,0,1,0,0
103,4,1,32,1,0,1,1,0,1,227039,227340,507,106,226933,372,1,205944,0,226433,0,1,0,0
103,4,1,32,1,0,2,1,1,2,227176,227340,507,226,226950,372,1,205936,0,226425,0,1,0,0
103,4,1,32,1,0,3,1,2,3,227314,227340,507,364,226950,372,1,205906,0,226395,0,1,0,0
104,4,2,32,1,0,0,0,2,2,227231,227676,478,7,227224,373,1,206129,0,226618,0,1,0,0
104,4,2,32,1,0,1,1,0,1,227374,227676,478,106,227268,373,1,206113,0,226602,0,1,0,0
104,4,2,32,1,0,2,1,1,2,227511,227676,478,226,227285,373,1,206124,0,226613,0,1,0,0
104,4,2,32,1,0,3,1,2,3,227650,227676,478,346,227304,373,1,206136,0,226625,0,1,0,0
105,4,3,32,1,0,0,0,2,2,226630,227088,492,7,226623,371,1,205746,0,226235,0,1,0,0
105,4,3,32,1,0,1,1,0,1,226786,227088,492,109,226677,371,1,205765,0,226254,0,1,0,0
105,4,3,32,1,0,2,1,1,2,226924,227088,492,229,226695,371,1,205765,0,226254,0,1,0,0
105,4,3,32,1,0,3,1,2,3,227062,227088,492,349,226713,371,1,205732,0,226221,0,1,0,0
106,6,1,32,1,0,0,0,2,2,327246,327985,752,7,327239,342,1,305809,0,326298,0,1,0,0
106,6,1,32,1,0,1,1,0,1,327390,327985,752,106,327284,342,1,305867,0,326356,0,1,0,0
106,6,1,32,1,0,2,1,1,2,327527,327985,752,226,327301,342,1,305924,0,326413,0,1,0,0
106,6,1,32,1,0,3,1,2,3,327666,327985,752,346,327320,342,1,305910,0,326399,0,1,0,0
106,6,1,32,1,0,4,2,0,2,327808,327985,752,483,327325,342,1,305916,0,326405,0,1,0,0
106,6,1,32,1,0,5,2,1,3,327959,327985,752,627,327332,342,1,305848,0,326337,0,1,0,0
107,6,2,32,1,0,0,0,2,2,327001,327595,766,7,326994,342,1,305530,0,326019,0,1,0,0
107,6,2,32,1,0,1,1,0,1,327139,327595,766,106,327033,342,1,305593,0,326082,0,1,0,0
107,6,2,32,1,0,2,1,1,2,327277,327595,766,226,327051,342,1,305641,0,326130,0,1,0,0
107,6,2,32,1,0,3,1,2,3,327415,327595,766,346,327069,342,1,305602,0,326091,0,1,0,0
107,6,2,32,1,0,4,2,0,2,327555,327595,766,496,327059,342,1,305592,0,326081,0,1,0,0
107,6,2,32,1,0,5,2,1,3,326854,327595,766,641,326213,342,1,305526,0,326015,0,1,0,0
108,6,3,32,1,0,0,0,2,2,327057,327651,753,7,327050,342,1,305585,0,326074,0,1,0,0
108,6,3,32,1,0,1,1,0,1,327195,327651,753,106,327089,342,1,305649,0,326138,0,1,0,0
108,6,3,32,1,0,2,1,1,2,327333,327651,753,226,327107,342,1,305697,0,326186,0,1,0,0
108,6,3,32,1,0,3,1,2,3,327471,327651,753,346,327125,342,1,305670,0,326159,0,1,0,0
108,6,3,32,1,0,4,2,0,2,327611,327651,753,484,327127,342,1,305662,0,326151,0,1,0,0
108,6,3,32,1,0,5,2,1,3,326910,327651,753,628,326282,342,1,305595,0,326084,0,1,0,0
109,1,1,128,1,0,0,0,2,2,89874,89895,106,7,89867,512,1,84581,0,89710,0,1,0,0
110,1,2,128,1,0,0,0,2,2,89876,89897,106,7,89869,512,1,84583,0,89712,0,1,0,0
111,1,3,128,1,0,0,0,2,2,89872,89893,106,7,89865,512,1,84581,0,89710,0,1,0,0
112,2,1,128,1,0,0,0,2,2,127044,127375,307,7,127037,257,1,121751,0,126880,0,1,0,0
112,2,1,128,1,0,1,1,0,1,127349,127375,307,111,127238,257,1,121855,0,126984,0,1,0,0
113,2,2,128,1,0,0,0,2,2,126978,127309,308,7,126971,257,1,121685,0,126814,0,1,0,0
113,2,2,128,1,0,1,1,0,1,127283,127309,308,111,127172,257,1,121788,0,126917,0,1,0,0
114,2,3,128,1,0,0,0,2,2,127044,127374,308,7,127037,257,1,121751,0,126880,0,1,0,0
114,2,3,128,1,0,1,1,0,1,127348,127374,308,111,127237,257,1,121854,0,126983,0,1,0,0
115,4,1,128,1,0,0,0,2,2,252121,252577,742,7,252114,221,1,245855,0,250984,0,1,0,0
115,4,1,128,1,0,1,1,0,1,252274,252577,742,106,252168,221,1,246392,0,251521,0,1,0,0
115,4,1,128,1,0,2,1,1,2,252413,252577,742,302,252111,221,1,246451,0,251580,0,1,0,0
115,4,1,128,1,0,3,1,2,3,252551,252577,742,483,252068,221,1,246324,0,251453,0,1,0,0
116,4,2,128,1,0,0,0,2,2,251265,252466,760,7,251258,221,1,245729,0,250858,0,1,0,0
116,4,2,128,1,0,1,1,0,1,252158,252466,760,106,252052,221,1,246268,0,251397,0,1,0,0
116,4,2,128,1,0,2,1,1,2,252301,252466,760,302,251999,221,1,246335,0,251464,0,1,0,0
116,4,2,128,1,0,3,1,2,3,252440,252466,760,483,251957,221,1,246190,0,251319,0,1,0,0
117,4,3,128,1,0,0,0,2,2,251099,252392,743,7,251092,222,1,245806,0,250935,0,1,0,0
117,4,3,128,1,0,1,1,0,1,252083,252392,743,106,251977,222,1,246345,0,251474,0,1,0,0
117,4,3,128,1,0,2,1,1,2,252228,252392,743,302,251926,222,1,246415,0,251544,0,1,0,0
117,4,3,128,1,0,3,1,2,3,252366,252392,743,481,251885,222,1,246284,0,251413,0,1,0,0
118,6,1,128,1,0,0,0,2,2,378538,380024,1247,7,378531,224,1,372260,0,377389,0,1,0,0
118,6,1,128,1,0,1,1,0,1,378796,380024,1247,106,378690,224,1,373174,0,378303,0,1,0,0
118,6,1,128,1,0,2,1,1,2,379971,380024,1247,302,379669,224,1,373498,0,378627,0,1,0,0
118,6,1,128,1,0,3,1,2,3,379398,380024,1247,482,378916,224,1,373480,0,378609,0,1,0,0
118,6,1,128,1,0,4,2,0,2,379640,380024,1247,735,378905,224,1,373461,0,378590,0,1,0,0
118,6,1,128,1,0,5,2,1,3,379804,380024,1247,988,378816,224,1,373341,0,378470,0,1,0,0
119,6,2,128,1,0,0,0,2,2,378547,379715,1249,7,378540,224,1,372155,0,377284,0,1,0,0
119,6,2,128,1,0,1,1,0,1,378794,379715,1249,106,378688,224,1,373053,0,378182,0,1,0,0
119,6,2,128,1,0,2,1,1,2,379041,379715,1249,302,378739,224,1,373370,0,378499,0,1,0,0
119,6,2,128,1,0,3,1,2,3,379302,379715,1249,483,378819,224,1,373381,0,378510,0,1,0,0
119,6,2,128,1,0,4,2,0,2,379550,379715,1249,737,378813,224,1,373368,0,378497,0,1,0,0
119,6,2,128,1,0,5,2,1,3,379689,379715,1249,990,378699,224,1,373248,0,378377,0,1,0,0
120,6,3,128,1,0,0,0,2,2,377924,380234,1247,7,377917,224,1,372266,0,377395,0,1,0,0
120,6,3,128,1,0,1,1,0,1,379646,380234,1247,106,379540,224,1,373185,0,378314,0,1,0,0
120,6,3,128,1,0,2,1,1,2,379791,380234,1247,302,379489,224,1,373498,0,378627,0,1,0,0
120,6,3,128,1,0,3,1,2,3,379931,380234,1247,481,379450,224,1,373487,0,378616,0,1,0,0
120,6,3,128,1,0,4,2,0,2,380070,380234,1247,735,379335,224,1,373468,0,378597,0,1,0,0
120,6,3,128,1,0,5,2,1,3,380208,380234,1247,988,379220,224,1,373342,0,378471,0,1,0,0
121,1,1,256,1,0,0,0,2,2,77857,77878,106,7,77850,256,1,75123,0,77692,0,1,0,0
122,1,2,256,1,0,0,0,2,2,77997,78018,106,7,77990,256,1,75263,0,77832,0,1,0,0
123,1,3,256,1,0,0,0,2,2,77946,77967,106,7,77939,256,1,75212,0,77781,0,1,0,0
124,2,1,256,1,0,0,0,2,2,128874,129461,436,7,128867,129,1,126141,0,128710,0,1,0,0
124,2,1,256,1,0,1,1,0,1,129435,129461,436,111,129324,129,1,126372,0,128941,0,1,0,0
125,2,2,256,1,0,0,0,2,2,128882,129467,435,7,128875,129,1,126148,0,128717,0,1,0,0
125,2,2,256,1,0,1,1,0,1,129441,129467,435,111,129330,129,1,126380,0,128949,0,1,0,0
126,2,3,256,1,0,0,0,2,2,128893,129479,436,7,128886,129,1,126160,0,128729,0,1,0,0
126,2,3,256,1,0,1,1,0,1,129453,129479,436,111,129342,129,1,126391,0,128960,0,1,0,0
127,4,1,256,1,0,0,0,2,2,258291,259100,1254,7,258284,128,1,253807,0,256376,0,1,0,0
127,4,1,256,1,0,1,1,0,1,258798,259100,1254,106,258692,128,1,254990,0,257559,0,1,0,0
127,4,1,256,1,0,2,1,1,2,258936,259100,1254,428,258508,128,1,255180,0,257749,0,1,0,0
127,4,1,256,1,0,3,1,2,3,259074,259100,1254,739,258335,128,1,254920,0,257489,0,1,0,0
128,4,2,256,1,0,0,0,2,2,258267,259077,1254,7,258260,128,1,253768,0,256337,0,1,0,0
128,4,2,256,1,0,1,1,0,1,258774,259077,1254,106,258668,128,1,254960,0,257529,0,1,0,0
128,4,2,256,1,0,2,1,1,2,258912,259077,1254,430,258482,128,1,255156,0,257725,0,1,0,0
128,4,2,256,1,0,3,1,2,3,259051,259077,1254,739,258312,128,1,254896,0,257465,0,1,0,0
129,4,3,256,1,0,0,0,2,2,258186,258995,1254,7,258179,128,1,253702,0,256271,0,1,0,0
129,4,3,256,1,0,1,1,0,1,258693,258995,1254,106,258587,128,1,254883,0,257452,0,1,0,0
129,4,3,256,1,0,2,1,1,2,258831,258995,1254,430,258401,128,1,255075,0,257644,0,1,0,0
129,4,3,256,1,0,3,1,2,3,258969,258995,1254,739,258230,128,1,254815,0,257384,0,1,0,0
130,6,1,256,1,0,0,0,2,2,381566,385534,2272,7,381559,128,1,377829,0,380398,0,1,0,0
130,6,1,256,1,0,1,1,0,1,384592,385534,2272,106,384486,128,1,379767,0,382336,0,1,0,0
130,6,1,256,1,0,2,1,1,2,385092,385534,2272,430,384662,128,1,380462,0,383031,0,1,0,0
130,6,1,256,1,0,3,1,2,3,385230,385534,2272,739,384491,128,1,380470,0,383039,0,1,0,0
130,6,1,256,1,0,4,2,0,2,385370,385534,2272,1248,384122,128,1,380460,0,383029,0,1,0,0
130,6,1,256,1,0,5,2,1,3,385508,385534,2272,1757,383751,128,1,380197,0,382766,0,1,0,0
131,6,2,256,1,0,0,0,2,2,381494,385457,2272,7,381487,128,1,377756,0,380325,0,1,0,0
131,6,2,256,1,0,1,1,0,1,384514,385457,2272,106,384408,128,1,379694,0,382263,0,1,0,0
131,6,2,256,1,0,2,1,1,2,385015,385457,2272,430,384585,128,1,380389,0,382958,0,1,0,0
131,6,2,256,1,0,3,1,2,3,385153,385457,2272,739,384414,128,1,380397,0,382966,0,1,0,0
131,6,2,256,1,0,4,2,0,2,385293,385457,2272,1248,384045,128,1,380383,0,382952,0,1,0,0
131,6,2,256,1,0,5,2,1,3,385431,385457,2272,1757,383674,128,1,380120,0,382689,0,1,0,0
132,6,3,256,1,0,0,0,2,2,381617,385573,2272,7,381610,128,1,377883,0,380452,0,1,0,0
132,6,3,256,1,0,1,1,0,1,384627,385573,2272,106,384521,128,1,379825,0,382394,0,1,0,0
132,6,3,256,1,0,2,1,1,2,385127,385573,2272,430,384697,128,1,380520,0,383089,0,1,0,0
132,6,3,256,1,0,3,1,2,3,385269,385573,2272,739,384530,128,1,380510,0,383079,0,1,0,0
132,6,3,256,1,0,4,2,0,2,385409,385573,2272,1248,384161,128,1,380495,0,383064,0,1,0,0
132,6,3,256,1,0,5,2,1,3,385547,385573,2272,1757,383790,128,1,380232,0,382801,0,1,0,0
133,1,1,1024,1,0,0,0,2,2,68760,68781,106,7,68753,64,1,67946,0,68595,0,1,0,0
134,1,2,1024,1,0,0,0,2,2,68791,68812,106,7,68784,64,1,67953,0,68602,0,1,0,0
135,1,3,1024,1,0,0,0,2,2,68776,68797,106,7,68769,64,1,67963,0,68612,0,1,0,0
136,2,1,1024,1,0,0,0,2,2,128818,130941,1204,7,128811,33,1,128006,0,128655,0,1,0,0
136,2,1,1024,1,0,1,1,0,1,130915,130941,1204,111,130804,33,1,129004,0,129653,0,1,0,0
137,2,2,1024,1,0,0,0,2,2,130842,131012,219,7,130835,33,1,129004,0,129653,0,1,0,0
137,2,2,1024,1,0,1,1,0,1,130986,131012,219,111,130875,33,1,129918,0,130567,0,1,0,0
138,2,3,1024,1,0,0,0,2,2,128844,130965,1204,7,128837,33,1,128030,0,128679,0,1,0,0
138,2,3,1024,1,0,1,1,0,1,130939,130965,1204,111,130828,33,1,129029,0,129678,0,1,0,0
139,4,1,1024,1,0,0,0,2,2,259388,261731,4342,7,259381,32,1,251450,0,252099,0,1,0,0
139,4,1,1024,1,0,1,1,0,1,261430,261731,4342,106,261324,32,1,256469,0,257118,0,1,0,0
139,4,1,1024,1,0,2,1,1,2,261567,261731,4342,1198,260369,32,1,257414,0,258063,0,1,0,0
139,4,1,1024,1,0,3,1,2,3,261705,261731,4342,2290,259415,32,1,256385,0,257034,0,1,0,0
140,4,2,1024,1,0,0,0,2,2,259390,261735,4329,7,259383,32,1,251445,0,252094,0,1,0,0
140,4,2,1024,1,0,1,1,0,1,261433,261735,4329,109,261324,32,1,256468,0,257117,0,1,0,0
140,4,2,1024,1,0,2,1,1,2,261571,261735,4329,1201,260370,32,1,257428,0,258077,0,1,0,0
140,4,2,1024,1,0,3,1,2,3,261709,261735,4329,2278,259431,32,1,256400,0,257049,0,1,0,0
141,4,3,1024,1,0,0,0,2,2,259402,261750,4327,7,259395,32,1,251460,0,252109,0,1,0,0
141,4,3,1024,1,0,1,1,0,1,261446,261750,4327,106,261340,32,1,256483,0,257132,0,1,0,0
141,4,3,1024,1,0,2,1,1,2,261585,261750,4327,1197,260388,32,1,257441,0,258090,0,1,0,0
141,4,3,1024,1,0,3,1,2,3,261724,261750,4327,2275,259449,32,1,256413,0,257062,0,1,0,0
142,6,1,1024,1,0,0,0,2,2,377018,391723,8416,7,377011,32,1,372134,0,372783,0,1,0,0
142,6,1,1024,1,0,1,1,0,1,389239,391723,8416,106,389133,32,1,380211,0,380860,0,1,0,0
142,6,1,1024,1,0,2,1,1,2,391276,391723,8416,1198,390078,32,1,383210,0,383859,0,1,0,0
142,6,1,1024,1,0,3,1,2,3,391419,391723,8416,2275,389144,32,1,383200,0,383849,0,1,0,0
142,6,1,1024,1,0,4,2,0,2,391559,391723,8416,4320,387239,32,1,383188,0,383837,0,1,0,0
142,6,1,1024,1,0,5,2,1,3,391697,391723,8416,6365,385332,32,1,382157,0,382806,0,1,0,0
143,6,2,1024,1,0,0,0,2,2,377013,391711,8416,7,377006,32,1,372129,0,372778,0,1,0,0
143,6,2,1024,1,0,1,1,0,1,389233,391711,8416,106,389127,32,1,380207,0,380856,0,1,0,0
143,6,2,1024,1,0,2,1,1,2,391268,391711,8416,1197,390071,32,1,383206,0,383855,0,1,0,0
143,6,2,1024,1,0,3,1,2,3,391406,391711,8416,2274,389132,32,1,383196,0,383845,0,1,0,0
143,6,2,1024,1,0,4,2,0,2,391546,391711,8416,4319,387227,32,1,383182,0,383831,0,1,0,0
143,6,2,1024,1,0,5,2,1,3,391685,391711,8416,6364,385321,32,1,382150,0,382799,0,1,0,0
144,6,3,1024,1,0,0,0,2,2,377026,391724,8419,7,377019,32,1,372141,0,372790,0,1,0,0
144,6,3,1024,1,0,1,1,0,1,389245,391724,8419,109,389136,32,1,380218,0,380867,0,1,0,0
144,6,3,1024,1,0,2,1,1,2,391281,391724,8419,1199,390082,32,1,383215,0,383864,0,1,0,0
144,6,3,1024,1,0,3,1,2,3,391420,391724,8419,2278,389142,32,1,383205,0,383854,0,1,0,0
144,6,3,1024,1,0,4,2,0,2,391559,391724,8419,4323,387236,32,1,383191,0,383840,0,1,0,0
144,6,3,1024,1,0,5,2,1,3,391698,391724,8419,6368,385330,32,1,382160,0,382809,0,1,0,0
145,1,1,4096,1,0,0,0,2,2,66481,66502,106,7,66474,16,1,66148,0,66317,0,1,0,0
146,1,2,4096,1,0,0,0,2,2,66462,66483,109,7,66455,16,1,66126,0,66295,0,1,0,0
147,1,3,4096,1,0,0,0,2,2,66466,66487,106,7,66459,16,1,66133,0,66302,0,1,0,0
148,2,1,4096,1,0,0,0,2,2,123186,131453,4277,7,123179,16,1,122854,0,123023,0,1,0,0
148,2,1,4096,1,0,1,1,0,1,131427,131453,4277,112,131315,16,1,126923,0,127092,0,1,0,0
149,2,2,4096,1,0,0,0,2,2,123169,131435,4275,7,123162,16,1,122836,0,123005,0,1,0,0
149,2,2,4096,1,0,1,1,0,1,131409,131435,4275,111,131298,16,1,126908,0,127077,0,1,0,0
150,2,3,4096,1,0,0,0,2,2,123176,131442,4276,7,123169,16,1,122843,0,123012,0,1,0,0
150,2,3,4096,1,0,1,1,0,1,131416,131442,4276,111,131305,16,1,126914,0,127083,0,1,0,0
151,4,1,4096,1,0,0,0,2,2,229607,262534,12531,7,229600,16,1,229274,0,229443,0,1,0,0
151,4,1,4096,1,0,1,1,0,1,258275,262534,12531,106,258169,16,1,245589,0,245758,0,1,0,0
151,4,1,4096,1,0,2,1,1,2,262370,262534,12531,4270,258100,16,1,249627,0,249796,0,1,0,0
151,4,1,4096,1,0,3,1,2,3,262508,262534,12531,8421,254087,16,1,249616,0,249785,0,1,0,0
152,4,2,4096,1,0,0,0,2,2,229624,262567,12528,7,229617,16,1,229291,0,229460,0,1,0,0
152,4,2,4096,1,0,1,1,0,1,258287,262567,12528,106,258181,16,1,245601,0,245770,0,1,0,0
152,4,2,4096,1,0,2,1,1,2,262403,262567,12528,4270,258133,16,1,249641,0,249810,0,1,0,0
152,4,2,4096,1,0,3,1,2,3,262541,262567,12528,8419,254122,16,1,249631,0,249800,0,1,0,0
153,4,3,4096,1,0,0,0,2,2,229612,262574,12528,7,229605,16,1,229279,0,229448,0,1,0,0
153,4,3,4096,1,0,1,1,0,1,258290,262574,12528,106,258184,16,1,245573,0,245742,0,1,0,0
153,4,3,4096,1,0,2,1,1,2,262385,262574,12528,4286,258099,16,1,249629,0,249798,0,1,0,0
153,4,3,4096,1,0,3,1,2,3,262548,262574,12528,8419,254129,16,1,249634,0,249803,0,1,0,0
154,6,1,4096,1,0,0,0,2,2,344197,393637,20728,7,344190,16,1,327487,0,327656,0,1,0,0
154,6,1,4096,1,0,1,1,0,1,368759,393637,20728,106,368653,16,1,360167,0,360336,0,1,0,0
154,6,1,4096,1,0,2,1,1,2,389237,393637,20728,4270,384967,16,1,368307,0,368476,0,1,0,0
154,6,1,4096,1,0,3,1,2,3,393334,393637,20728,8419,384915,16,1,372399,0,372568,0,1,0,0
154,6,1,4096,1,0,4,2,0,2,393473,393637,20728,12522,380951,16,1,372388,0,372557,0,1,0,0
154,6,1,4096,1,0,5,2,1,3,393611,393637,20728,16622,376989,16,1,372382,0,372551,0,1,0,0
155,6,2,4096,1,0,0,0,2,2,344207,393647,20728,7,344200,16,1,327499,0,327668,0,1,0,0
155,6,2,4096,1,0,1,1,0,1,368770,393647,20728,106,368664,16,1,360177,0,360346,0,1,0,0
155,6,2,4096,1,0,2,1,1,2,389246,393647,20728,4270,384976,16,1,368328,0,368497,0,1,0,0
155,6,2,4096,1,0,3,1,2,3,393343,393647,20728,8419,384924,16,1,372408,0,372577,0,1,0,0
155,6,2,4096,1,0,4,2,0,2,393482,393647,20728,12522,380960,16,1,372397,0,372566,0,1,0,0
155,6,2,4096,1,0,5,2,1,3,393621,393647,20728,16622,376999,16,1,372391,0,372560,0,1,0,0
156,6,3,4096,1,0,0,0,2,2,344231,393672,20726,7,344224,16,1,327497,0,327666,0,1,0,0
156,6,3,4096,1,0,1,1,0,1,368794,393672,20726,106,368688,16,1,360203,0,360372,0,1,0,0
156,6,3,4096,1,0,2,1,1,2,389271,393672,20726,4268,385003,16,1,368341,0,368510,0,1,0,0
156,6,3,4096,1,0,3,1,2,3,393368,393672,20726,8419,384949,16,1,372433,0,372602,0,1,0,0
156,6,3,4096,1,0,4,2,0,2,393508,393672,20726,12522,380986,16,1,372422,0,372591,0,1,0,0
156,6,3,4096,1,0,5,2,1,3,393646,393672,20726,16622,377024,16,1,372418,0,372587,0,1,0,0
157,1,1,16384,1,0,0,0,2,2,65898,65919,106,7,65891,4,1,65684,0,65733,0,1,0,0
158,1,2,16384,1,0,0,0,2,2,65898,65919,106,7,65891,4,1,65684,0,65733,0,1,0,0
159,1,3,16384,1,0,0,0,2,2,65898,65919,106,7,65891,4,1,65684,0,65733,0,1,0,0
160,2,1,16384,1,0,0,0,2,2,98589,131429,16564,7,98582,4,1,98366,0,98415,0,1,0,0
160,2,1,16384,1,0,1,1,0,1,131403,131429,16564,111,131292,4,1,114733,0,114782,0,1,0,0
161,2,2,16384,1,0,0,0,2,2,98589,131430,16564,7,98582,4,1,98375,0,98424,0,1,0,0
161,2,2,16384,1,0,1,1,0,1,131404,131430,16564,111,131293,4,1,114734,0,114783,0,1,0,0
162,2,3,16384,1,0,0,0,2,2,98591,131432,16564,7,98584,4,1,98377,0,98426,0,1,0,0
162,2,3,16384,1,0,1,1,0,1,131406,131432,16564,111,131295,4,1,114736,0,114785,0,1,0,0
163,4,1,16384,1,0,0,0,2,2,131353,262603,49391,7,131346,4,1,131140,0,131189,0,1,0,0
163,4,1,16384,1,0,1,1,0,1,246043,262603,49391,106,245937,4,1,196602,0,196651,0,1,0,0
163,4,1,16384,1,0,2,1,1,2,262426,262603,49391,16558,245868,4,1,212941,0,212990,0,1,0,0
163,4,1,16384,1,0,3,1,2,3,262577,262603,49391,32995,229582,4,1,212932,0,212981,0,1,0,0
164,4,2,16384,1,0,0,0,2,2,131349,262599,49390,7,131342,4,1,131136,0,131185,0,1,0,0
164,4,2,16384,1,0,1,1,0,1,246052,262599,49390,106,245946,4,1,196623,0,196672,0,1,0,0
164,4,2,16384,1,0,2,1,1,2,262435,262599,49390,16557,245878,4,1,212952,0,213001,0,1,0,0
164,4,2,16384,1,0,3,1,2,3,262573,262599,49390,32993,229580,4,1,212942,0,212991,0,1,0,0
165,4,3,16384,1,0,0,0,2,2,131353,262591,49392,7,131346,4,1,131140,0,131189,0,1,0,0
165,4,3,16384,1,0,1,1,0,1,246045,262591,49392,106,245939,4,1,196614,0,196663,0,1,0,0
165,4,3,16384,1,0,2,1,1,2,262427,262591,49392,16558,245869,4,1,212942,0,212991,0,1,0,0
165,4,3,16384,1,0,3,1,2,3,262565,262591,49392,32995,229570,4,1,212932,0,212981,0,1,0,0
166,6,1,16384,1,0,0,0,2,2,196919,393850,82193,7,196912,4,1,131175,0,131224,0,1,0,0
166,6,1,16384,1,0,1,1,0,1,295233,393850,82193,106,295127,4,1,262184,0,262233,0,1,0,0
166,6,1,16384,1,0,2,1,1,2,377140,393850,82193,16558,360582,4,1,294900,0,294949,0,1,0,0
166,6,1,16384,1,0,3,1,2,3,393547,393850,82193,32995,360552,4,1,311243,0,311292,0,1,0,0
166,6,1,16384,1,0,4,2,0,2,393686,393850,82193,49411,344275,4,1,311235,0,311284,0,1,0,0
166,6,1,16384,1,0,5,2,1,3,393824,393850,82193,65799,328025,4,1,311228,0,311277,0,1,0,0
167,6,2,16384,1,0,0,0,2,2,278786,393784,65767,7,278779,4,1,213045,0,213094,0,1,0,0
167,6,2,16384,1,0,1,1,0,1,295170,393784,65767,106,295064,4,1,278468,0,278517,0,1,0,0
167,6,2,16384,1,0,2,1,1,2,377095,393784,65767,206,376889,4,1,311241,0,311290,0,1,0,0
167,6,2,16384,1,0,3,1,2,3,393480,393784,65767,16594,376886,4,1,327626,0,327675,0,1,0,0
167,6,2,16384,1,0,4,2,0,2,393619,393784,65767,32985,360634,4,1,327615,0,327664,0,1,0,0
167,6,2,16384,1,0,5,2,1,3,393758,393784,65767,49373,344385,4,1,327609,0,327658,0,1,0,0
168,6,3,16384,1,0,0,0,2,2,196905,393795,82168,7,196898,4,1,131150,0,131199,0,1,0,0
168,6,3,16384,1,0,1,1,0,1,295200,393795,82168,106,295094,4,1,262147,0,262196,0,1,0,0
168,6,3,16384,1,0,2,1,1,2,377106,393795,82168,16558,360548,4,1,294868,0,294917,0,1,0,0
168,6,3,16384,1,0,3,1,2,3,393491,393795,82168,32995,360496,4,1,311236,0,311285,0,1,0,0
168,6,3,16384,1,0,4,2,0,2,393630,393795,82168,49386,344244,4,1,311225,0,311274,0,1,0,0
168,6,3,16384,1,0,5,2,1,3,393769,393795,82168,65774,327995,4,1,311219,0,311268,0,1,0,0
169,1,1,256,4,1,0,0,2,2,94848,94869,106,7,94841,320,1,92572,0,94629,0,1,0,0
170,1,2,256,4,1,0,0,2,2,94712,94733,106,7,94705,320,1,92436,0,94493,0,1,0,0
171,1,3,256,4,1,0,0,2,2,94744,94765,106,7,94737,320,1,92460,0,94517,0,1,0,0
172,2,1,256,4,1,0,0,2,2,160671,160950,223,7,160664,192,1,158379,0,160436,0,1,0,0
172,2,1,256,4,1,1,1,0,1,160924,160950,223,111,160813,192,1,158518,0,160575,0,1,0,0
173,2,2,256,4,1,0,0,2,2,160405,160752,436,7,160398,192,1,157855,0,159912,0,1,0,0
173,2,2,256,4,1,1,1,0,1,160726,160752,436,111,160615,192,1,158123,0,160180,0,1,0,0
174,2,3,256,4,1,0,0,2,2,160396,160742,436,7,160389,192,1,157845,0,159902,0,1,0,0
174,2,3,256,4,1,1,1,0,1,160716,160742,436,111,160605,192,1,158113,0,160170,0,1,0,0
175,4,1,256,4,1,0,0,2,2,257767,294353,1250,7,257760,190,1,254452,0,256509,0,1,0,0
175,4,1,256,4,1,1,1,0,1,278046,294353,1250,106,277940,190,1,275428,0,277485,0,1,0,0
175,4,1,256,4,1,2,1,1,2,293996,294353,1250,430,293566,190,1,290826,0,292883,0,1,0,0
175,4,1,256,4,1,3,1,2,3,294327,294353,1250,735,293592,190,1,290909,0,292966,0,1,0,0
176,4,2,256,4,1,0,0,2,2,257674,294316,1250,7,257667,190,1,254359,0,256416,0,1,0,0
176,4,2,256,4,1,1,1,0,1,277978,294316,1250,106,277872,190,1,275358,0,277415,0,1,0,0
176,4,2,256,4,1,2,1,1,2,293959,294316,1250,433,293526,190,1,290789,0,292846,0,1,0,0
176,4,2,256,4,1,3,1,2,3,294290,294316,1250,735,293555,190,1,290872,0,292929,0,1,0,0
177,4,3,256,4,1,0,0,2,2,257768,294411,1250,7,257761,190,1,254453,0,256510,0,1,0,0
177,4,3,256,4,1,1,1,0,1,278078,294411,1250,106,277972,190,1,275461,0,277518,0,1,0,0
177,4,3,256,4,1,2,1,1,2,294051,294411,1250,430,293621,190,1,290881,0,292938,0,1,0,0
177,4,3,256,4,1,3,1,2,3,294385,294411,1250,735,293650,190,1,290964,0,293021,0,1,0,0
178,6,1,256,4,1,0,0,2,2,309348,446738,2274,7,309341,199,1,304549,0,306606,0,1,0,0
178,6,1,256,4,1,1,1,0,1,369822,446738,2274,106,369716,199,1,366201,0,368258,0,1,0,0
178,6,1,256,4,1,2,1,1,2,446186,446738,2274,439,445747,199,1,442765,0,444822,0,1,0,0
178,6,1,256,4,1,3,1,2,3,446434,446738,2274,741,445693,199,1,442749,0,444806,0,1,0,0
178,6,1,256,4,1,4,2,0,2,446573,446738,2274,1250,445323,199,1,441996,0,444053,0,1,0,0
178,6,1,256,4,1,5,2,1,3,446712,446738,2274,1759,444953,199,1,441976,0,444033,0,1,0,0
179,6,2,256,4,1,0,0,2,2,309330,446584,2271,7,309323,199,1,304531,0,306588,0,1,0,0
179,6,2,256,4,1,1,1,0,1,369674,446584,2271,106,369568,199,1,366062,0,368119,0,1,0,0
179,6,2,256,4,1,2,1,1,2,446032,446584,2271,430,445602,199,1,442617,0,444674,0,1,0,0
179,6,2,256,4,1,3,1,2,3,446280,446584,2271,735,445545,199,1,442601,0,444658,0,1,0,0
179,6,2,256,4,1,4,2,0,2,446419,446584,2271,1244,445175,199,1,441845,0,443902,0,1,0,0
179,6,2,256,4,1,5,2,1,3,446558,446584,2271,1756,444802,199,1,441825,0,443882,0,1,0,0
180,6,3,256,4,1,0,0,2,2,309588,446942,2278,7,309581,199,1,304788,0,306845,0,1,0,0
180,6,3,256,4,1,1,1,0,1,369996,446942,2278,106,369890,199,1,366385,0,368442,0,1,0,0
180,6,3,256,4,1,2,1,1,2,446389,446942,2278,429,445960,199,1,442975,0,445032,0,1,0,0
180,6,3,256,4,1,3,1,2,3,446638,446942,2278,734,445904,199,1,442948,0,445005,0,1,0,0
180,6,3,256,4,1,4,2,0,2,446778,446942,2278,1254,445524,199,1,442195,0,444252,0,1,0,0
180,6,3,256,4,1,5,2,1,3,446916,446942,2278,1763,445153,199,1,442175,0,444232,0,1,0,0
181,1,1,256,1,4,0,0,2,2,353064,353085,106,7,353057,1280,1,346180,0,352845,0,1,0,0
182,1,2,256,1,4,0,0,2,2,353080,353101,106,7,353073,1280,1,346195,0,352860,0,1,0,0
183,1,3,256,1,4,0,0,2,2,353072,353093,106,7,353065,1280,1,346188,0,352853,0,1,0,0
184,2,1,256,1,4,0,0,2,2,529833,530628,436,7,529826,1025,1,522933,0,529598,0,1,0,0
184,2,1,256,1,4,1,1,0,1,530602,530628,436,111,530491,1025,1,523393,0,530058,0,1,0,0
185,2,2,256,1,4,0,0,2,2,529855,530647,436,7,529848,1025,1,522952,0,529617,0,1,0,0
185,2,2,256,1,4,1,1,0,1,530621,530647,436,111,530510,1025,1,523412,0,530077,0,1,0,0
186,2,3,256,1,4,0,0,2,2,529871,530685,435,7,529864,1025,1,522970,0,529635,0,1,0,0
186,2,3,256,1,4,1,1,0,1,530659,530685,435,111,530548,1025,1,523431,0,530096,0,1,0,0
187,4,1,256,1,4,0,0,2,2,645442,1130699,1036,7,645435,1387,1,638024,0,644689,0,1,0,0
187,4,1,256,1,4,1,1,0,1,865843,1130699,1036,106,865737,1387,1,858341,0,865006,0,1,0,0
187,4,1,256,1,4,2,1,1,2,1130154,1130699,1036,430,1129724,1387,1,1122355,0,1129020,0,1,0,0
187,4,1,256,1,4,3,1,2,3,1130673,1130699,1036,755,1129918,1387,1,1122863,0,1129528,0,1,0,0
188,4,2,256,1,4,0,0,2,2,644650,1129707,1041,7,644643,1387,1,637230,0,643895,0,1,0,0
188,4,2,256,1,4,1,1,0,1,865088,1129707,1041,106,864982,1387,1,857578,0,864243,0,1,0,0
188,4,2,256,1,4,2,1,1,2,1129163,1129707,1041,438,1128725,1387,1,1121340,0,1128005,0,1,0,0
188,4,2,256,1,4,3,1,2,3,1129681,1129707,1041,760,1128921,1387,1,1121866,0,1128531,0,1,0,0
189,4,3,256,1,4,0,0,2,2,644585,1129797,1036,7,644578,1387,1,637191,0,643856,0,1,0,0
189,4,3,256,1,4,1,1,0,1,865125,1129797,1036,106,865019,1387,1,857599,0,864264,0,1,0,0
189,4,3,256,1,4,2,1,1,2,1129235,1129797,1036,430,1128805,1387,1,1121436,0,1128101,0,1,0,0
189,4,3,256,1,4,3,1,2,3,1129771,1129797,1036,755,1129016,1387,1,1121944,0,1128609,0,1,0,0
190,6,1,256,1,4,0,0,2,2,597561,1769759,1569,7,597554,1359,1,589917,0,596582,0,1,0,0
190,6,1,256,1,4,1,1,0,1,1137602,1769759,1569,106,1137496,1359,1,1129359,0,1136024,0,1,0,0
190,6,1,256,1,4,2,1,1,2,1768788,1769759,1569,430,1768358,1359,1,1761239,0,1767904,0,1,0,0
190,6,1,256,1,4,3,1,2,3,1769715,1769759,1569,755,1768960,1359,1,1761456,0,1768121,0,1,0,0
190,6,1,256,1,4,4,2,0,2,1769285,1769759,1569,1031,1768254,1359,1,1760928,0,1767593,0,1,0,0
190,6,1,256,1,4,5,2,1,3,1769530,1769759,1569,1314,1768216,1359,1,1761169,0,1767834,0,1,0,0
191,6,2,256,1,4,0,0,2,2,597655,1769923,1586,7,597648,1359,1,590012,0,596677,0,1,0,0
191,6,2,256,1,4,1,1,0,1,1137704,1769923,1586,106,1137598,1359,1,1129459,0,1136124,0,1,0,0
191,6,2,256,1,4,2,1,1,2,1768957,1769923,1586,430,1768527,1359,1,1761407,0,1768072,0,1,0,0
191,6,2,256,1,4,3,1,2,3,1769879,1769923,1586,755,1769124,1359,1,1761625,0,1768290,0,1,0,0
191,6,2,256,1,4,4,2,0,2,1769452,1769923,1586,1030,1768422,1359,1,1761079,0,1767744,0,1,0,0
191,6,2,256,1,4,5,2,1,3,1769699,1769923,1586,1331,1768368,1359,1,1761320,0,1767985,0,1,0,0
192,6,3,256,1,4,0,0,2,2,597715,1769851,1586,7,597708,1359,1,590046,0,596711,0,1,0,0
192,6,3,256,1,4,1,1,0,1,1137609,1769851,1586,106,1137503,1359,1,1129365,0,1136030,0,1,0,0
192,6,3,256,1,4,2,1,1,2,1768884,1769851,1586,430,1768454,1359,1,1761334,0,1767999,0,1,0,0
192,6,3,256,1,4,3,1,2,3,1769807,1769851,1586,755,1769052,1359,1,1761527,0,1768192,0,1,0,0
192,6,3,256,1,4,4,2,0,2,1769379,1769851,1586,1055,1768324,1359,1,1761008,0,1767673,0,1,0,0
192,6,3,256,1,4,5,2,1,3,1769630,1769851,1586,1330,1768300,1359,1,1761248,0,1767913,0,1,0,0
