run_id,idle,mem,ddr_write_beats,ddr_read_beats,ddr_read_busy,ddr_read_multi,dma_snd_blocked,dma_rcv_starved,noc_stop_rsp,noc_stop_req,coh_reqs,coh_fwds,coh_rsps_rcv,coh_rsps_snd,dma_req_flits,dma_rsp_flits,coh_dma_reqs,coh_dma_rsps,llc_hits,llc_misses
0,1,0,646,69,826,0,0,20055470,0,0,2040,0,0,104,0,0,0,0,0,0
1,0,0,66186,69634,380727,0,0,1187502,0,0,14244,0,0,8196,114688,73728,0,0,0,0
2,0,0,66186,69634,380733,0,0,1187408,0,0,14244,0,0,8196,114688,73728,0,0,0,0
3,0,0,66186,69634,380744,0,0,1187402,0,0,14244,0,0,8196,114688,73728,0,0,0,0
4,0,0,131723,135172,663010,806,0,914932,0,0,14253,0,0,8200,229376,147456,0,0,0,0
5,0,0,131724,135172,641632,62430,0,993568,0,0,14256,0,0,8200,229376,147456,0,0,0,0
6,0,0,131723,135172,663014,552,0,914918,0,0,14253,0,0,8200,229376,147456,0,0,0,0
7,0,0,262800,267497,963953,423753,0,725081,0,0,18027,0,0,10706,458752,294912,0,0,0,0
8,0,0,262799,267495,964024,427466,0,723722,0,0,18018,0,0,10702,458752,294912,0,0,0,0
9,0,0,262799,267498,963649,421389,0,724697,0,0,18027,0,0,10708,458752,294912,0,0,0,0
10,0,0,393877,399376,1358484,736281,0,424199,0,0,20460,0,0,12320,688128,442368,0,0,0,0
11,0,0,393876,399347,1354940,739149,0,418279,0,0,20373,0,0,12262,688128,442368,0,0,0,0
12,0,0,393876,399360,1356495,739505,0,424264,0,0,20412,0,0,12288,688128,442368,0,0,0,0
13,0,0,66186,67585,177799,0,0,472705,0,0,8097,0,0,4098,77824,67584,0,0,0,0
14,0,0,66186,67585,178145,0,0,472597,0,0,8097,0,0,4098,77824,67584,0,0,0,0
15,0,0,66186,67585,178180,0,0,472669,0,0,8097,0,0,4098,77824,67584,0,0,0,0
16,0,0,131723,133124,245800,80563,0,455797,27025,0,8109,0,0,4104,155648,135168,0,0,0,0
17,0,0,131724,133124,245843,80500,0,455331,27031,0,8112,0,0,4104,155648,135168,0,0,0,0
18,0,0,131723,133123,246234,80868,0,455362,26984,0,8106,0,0,4102,155648,135168,0,0,0,0
19,0,0,262800,264200,452645,162940,30,231764,36250,0,8136,0,0,4112,311296,270336,0,0,0,0
20,0,0,262799,264200,431827,163227,47,237931,45800,0,8133,0,0,4112,311296,270336,0,0,0,0
21,0,0,262799,264200,432222,163215,68,237453,45608,0,8133,0,0,4112,311296,270336,0,0,0,0
22,0,0,393877,396141,638747,321468,30825,134286,85759,0,10755,0,0,5850,466944,405504,0,0,0,0
23,0,0,393876,396156,641182,322110,29653,142130,83961,0,10800,0,0,5880,466944,405504,0,0,0,0
24,0,0,393876,396126,639327,319598,27970,134855,82904,0,10710,0,0,5820,466944,405504,0,0,0,0
25,0,0,66185,66561,133972,0,28943,305547,46497,0,5022,0,0,2050,68608,66048,0,0,0,0
26,0,0,66186,66561,133959,0,28935,305478,46496,0,5025,0,0,2050,68608,66048,0,0,0,0
27,0,0,66186,66561,134012,0,28820,305603,46407,0,5025,0,0,2050,68608,66048,0,0,0,0
28,0,0,131723,132099,260891,106593,87296,312530,104738,0,5034,0,0,2054,137216,132096,0,0,0,0
29,0,0,131724,132099,260704,106626,87329,312523,104771,0,5037,0,0,2054,137216,132096,0,0,0,0
30,0,0,131723,132099,260742,106639,87342,312455,104784,0,5034,0,0,2054,137216,132096,0,0,0,0
31,0,0,262800,263682,500872,219767,170348,293944,205326,0,6582,0,0,3076,274432,264192,0,0,0,0
32,0,0,262799,263621,499118,209422,169390,267713,205450,0,6396,0,0,2954,274432,264192,0,0,0,0
33,0,0,262799,263678,499993,216008,169969,289379,205366,0,6567,0,0,3068,274432,264192,0,0,0,0
34,0,0,393876,395518,751851,390405,263291,334204,307601,0,8886,0,0,4604,411648,396288,0,0,0,0
35,0,0,393876,395497,758034,404145,268991,333682,311621,0,8823,0,0,4562,411648,396288,0,0,0,0
36,0,0,393876,395511,753653,385610,264370,329196,309249,0,8865,0,0,4590,411648,396288,0,0,0,0
37,0,0,66185,66049,133119,0,46995,277633,55823,0,3486,0,0,1026,67072,65792,0,0,0,0
38,0,0,66186,66049,133096,0,46993,277719,55787,0,3489,0,0,1026,67072,65792,0,0,0,0
39,0,0,66185,66049,133044,0,46989,277694,55800,0,3489,0,0,1026,67072,65792,0,0,0,0
40,0,0,131723,131842,267582,118696,108762,303303,117763,0,4263,0,0,1540,134144,131584,0,0,0,0
41,0,0,131724,131842,267602,118710,108736,303373,117713,0,4266,0,0,1540,134144,131584,0,0,0,0
42,0,0,131723,131842,267628,118687,108721,303308,117708,0,4263,0,0,1540,134144,131584,0,0,0,0
43,0,0,262800,263322,524448,250213,217384,321071,234375,0,5502,0,0,2356,268288,263168,0,0,0,0
44,0,0,262799,263321,524221,249556,217327,321750,234389,0,5496,0,0,2354,268288,263168,0,0,0,0
45,0,0,262799,263304,522668,237170,215667,308645,233564,0,5445,0,0,2320,268288,263168,0,0,0,0
46,0,0,393876,394979,789779,438330,331878,376995,352996,0,7269,0,0,3526,402432,394752,0,0,0,0
47,0,0,393876,394980,789291,434217,331538,374926,352856,0,7272,0,0,3528,402432,394752,0,0,0,0
48,0,0,393876,394982,789894,433065,331368,375794,352836,0,7278,0,0,3532,402432,394752,0,0,0,0
49,0,0,66186,65665,131561,95003,60982,256595,63158,0,2337,0,0,258,65920,65600,0,0,0,0
50,0,0,66186,65665,131479,94990,60931,256607,63150,0,2337,0,0,258,65920,65600,0,0,0,0
51,0,0,66186,65665,131423,94993,60954,256507,63130,0,2337,0,0,258,65920,65600,0,0,0,0
52,0,0,131723,131266,263349,224585,125530,312101,127770,0,2535,0,0,388,131840,131200,0,0,0,0
53,0,0,131724,131266,263398,224626,125551,312263,127767,0,2538,0,0,388,131840,131200,0,0,0,0
54,0,0,131723,131266,263323,224602,125555,312188,127765,0,2535,0,0,388,131840,131200,0,0,0,0
55,0,0,262800,262450,523986,445635,250377,320437,255022,0,2886,0,0,612,263680,262400,0,0,0,0
56,0,0,262799,262451,524141,443499,249955,327356,254816,0,2886,0,0,614,263680,262400,0,0,0,0
57,0,0,262799,262453,524294,439841,249409,327614,254585,0,2892,0,0,618,263680,262400,0,0,0,0
58,0,0,393876,393676,785516,669594,375248,393906,382091,0,3360,0,0,920,395520,393600,0,0,0,0
59,0,0,393876,393676,786062,670592,375628,392023,382492,0,3360,0,0,920,395520,393600,0,0,0,0
60,0,0,393876,393679,785605,670507,375104,394836,381921,0,3369,0,0,926,395520,393600,0,0,0,0
61,0,0,66186,65569,131209,122050,64358,251257,64919,0,2049,0,0,66,65632,65552,0,0,0,0
62,0,0,66185,65569,131237,122046,64374,251236,64918,0,2046,0,0,66,65632,65552,0,0,0,0
63,0,0,66185,65569,131197,122076,64377,251247,64921,0,2046,0,0,66,65632,65552,0,0,0,0
64,0,0,131724,131137,262458,244265,128877,197681,129965,0,2151,0,0,130,131264,131104,0,0,0,0
65,0,0,131723,131137,262469,244183,128919,197386,130007,0,2148,0,0,130,131264,131104,0,0,0,0
66,0,0,131724,131137,262467,244283,128868,197687,129957,0,2151,0,0,130,131264,131104,0,0,0,0
67,0,0,262800,262273,524557,488138,257557,312965,259740,0,2355,0,0,258,262528,262208,0,0,0,0
68,0,0,262799,262273,524501,488158,257531,312856,259742,0,2352,0,0,258,262528,262208,0,0,0,0
69,0,0,262799,262273,524607,488127,257561,313025,259737,0,2352,0,0,258,262528,262208,0,0,0,0
70,0,0,393876,393410,786686,732058,386234,437263,389498,0,2562,0,0,388,393792,393312,0,0,0,0
71,0,0,393876,393410,786832,732143,386140,437276,389419,0,2562,0,0,388,393792,393312,0,0,0,0
72,0,0,393876,393411,786913,732149,386196,428888,389489,0,2565,0,0,390,393792,393312,0,0,0,0
73,0,0,66186,65545,131143,128852,65245,249983,65381,0,1977,0,0,18,65560,65540,0,0,0,0
74,0,0,66186,65545,131107,128812,65252,249861,65388,0,1977,0,0,18,65560,65540,0,0,0,0
75,0,0,66186,65545,131109,128811,65251,249834,65387,0,1977,0,0,18,65560,65540,0,0,0,0
76,0,0,131723,131089,262236,257654,130534,247162,130806,0,2004,0,0,34,131120,131080,0,0,0,0
77,0,0,131724,131089,262253,257654,130494,247180,130777,0,2007,0,0,34,131120,131080,0,0,0,0
78,0,0,131723,131089,262220,257655,130535,247201,130807,0,2004,0,0,34,131120,131080,0,0,0,0
79,0,0,262800,262177,524421,515244,260994,340194,261544,0,2067,0,0,66,262240,262160,0,0,0,0
80,0,0,262799,262177,524423,515278,260999,340263,261543,0,2064,0,0,66,262240,262160,0,0,0,0
81,0,0,262799,262177,524429,515284,261001,340090,261545,0,2064,0,0,66,262240,262160,0,0,0,0
82,0,0,393876,393266,786573,772841,391440,466374,392256,0,2130,0,0,100,393360,393240,0,0,0,0
83,0,0,393876,393266,786566,772861,391469,466277,392285,0,2130,0,0,100,393360,393240,0,0,0,0
84,0,0,393876,393266,786599,772934,391474,466285,392290,0,2130,0,0,100,393360,393240,0,0,0,0
85,0,0,650,68889,351672,0,0,920407,0,0,12009,0,0,6706,24576,73728,0,0,0,0
86,0,0,650,68889,351708,0,0,920384,0,0,12009,0,0,6706,24576,73728,0,0,0,0
87,0,0,650,68889,351719,0,0,920404,0,0,12009,0,0,6706,24576,73728,0,0,0,0
88,0,0,651,134352,660478,4321,0,824784,0,0,11793,0,0,6560,49152,147456,0,0,0,0
89,0,0,652,134352,660162,3908,0,825534,0,0,11796,0,0,6560,49152,147456,0,0,0,0
90,0,0,651,134353,660204,3883,0,825702,0,0,11796,0,0,6562,49152,147456,0,0,0,0
91,0,0,656,266032,706068,433884,0,835385,0,0,13632,0,0,7776,98304,294912,0,0,0,0
92,0,0,655,266032,705126,434102,0,834433,0,0,13629,0,0,7776,98304,294912,0,0,0,0
93,0,0,656,266028,704181,432479,0,832629,0,0,13620,0,0,7768,98304,294912,0,0,0,0
94,0,0,659,397242,904114,620951,0,654741,0,0,14055,0,0,8052,147456,442368,0,0,0,0
95,0,0,660,397241,903563,624377,0,660337,0,0,14055,0,0,8050,147456,442368,0,0,0,0
96,0,0,660,397240,902633,624791,0,661594,0,0,14052,0,0,8048,147456,442368,0,0,0,0
97,0,0,650,66589,141828,0,0,368664,0,0,5109,0,0,2106,6144,67584,0,0,0,0
98,0,0,650,66589,141831,0,0,368704,0,0,5109,0,0,2106,6144,67584,0,0,0,0
99,0,0,650,66590,141848,0,0,368764,0,0,5112,0,0,2108,6144,67584,0,0,0,0
100,0,0,651,132150,255971,12931,0,364494,7376,0,5187,0,0,2156,12288,135168,0,0,0,0
101,0,0,652,132150,255713,12949,0,364441,7480,0,5190,0,0,2156,12288,135168,0,0,0,0
102,0,0,651,132150,255754,13003,0,364696,7433,0,5187,0,0,2156,12288,135168,0,0,0,0
103,0,0,656,263612,419234,239457,53285,382382,92781,0,6372,0,0,2936,24576,270336,0,0,0,0
104,0,0,655,263612,418489,240775,52496,385166,91888,0,6369,0,0,2936,24576,270336,0,0,0,0
105,0,0,655,263612,419110,239188,53198,382848,92753,0,6369,0,0,2936,24576,270336,0,0,0,0
106,0,0,660,394763,596094,460010,85078,310030,120132,0,6621,0,0,3094,36864,405504,0,0,0,0
107,0,0,660,394763,596015,459924,85070,306299,120141,0,6621,0,0,3094,36864,405504,0,0,0,0
108,0,0,660,394764,596099,459954,85558,307120,120427,0,6624,0,0,3096,36864,405504,0,0,0,0
109,0,0,650,66049,118995,0,28889,232795,46382,0,3489,0,0,1026,1536,66048,0,0,0,0
110,0,0,650,66049,118852,0,28910,232746,46408,0,3489,0,0,1026,1536,66048,0,0,0,0
111,0,0,650,66049,119001,0,28871,232755,46386,0,3489,0,0,1026,1536,66048,0,0,0,0
112,0,0,651,131587,243515,58964,87082,229929,104621,0,3498,0,0,1030,3072,132096,0,0,0,0
113,0,0,652,131587,243677,59082,87071,229973,104597,0,3501,0,0,1030,3072,132096,0,0,0,0
114,0,0,651,131587,243519,58974,87052,229982,104620,0,3498,0,0,1030,3072,132096,0,0,0,0
115,0,0,656,262663,485461,347951,194866,229677,212454,0,3525,0,0,1038,6144,264192,0,0,0,0
116,0,0,655,262663,485489,347961,194872,229678,212460,0,3522,0,0,1038,6144,264192,0,0,0,0
117,0,0,655,262663,485541,347963,194873,229647,212461,0,3522,0,0,1038,6144,264192,0,0,0,0
118,0,0,660,393942,722735,530181,291941,58794,316600,0,4158,0,0,1452,9216,396288,0,0,0,0
119,0,0,660,393942,722563,530149,292055,58749,316650,0,4158,0,0,1452,9216,396288,0,0,0,0
120,0,0,660,393942,722536,529904,291852,58551,316547,0,4158,0,0,1452,9216,396288,0,0,0,0
121,0,0,650,65793,125394,0,47268,209793,55972,0,2721,0,0,514,768,65792,0,0,0,0
122,0,0,650,65793,125517,0,47232,210126,55936,0,2721,0,0,514,768,65792,0,0,0,0
123,0,0,650,65793,125442,0,47232,210043,55936,0,2721,0,0,514,768,65792,0,0,0,0
124,0,0,651,131331,253223,94784,108933,208834,117799,0,2730,0,0,518,1536,131584,0,0,0,0
125,0,0,652,131331,252947,94508,108943,208641,117840,0,2733,0,0,518,1536,131584,0,0,0,0
126,0,0,651,131331,253011,94572,108944,208712,117827,0,2730,0,0,518,1536,131584,0,0,0,0
127,0,0,656,262407,504622,368740,228461,208404,237312,0,2757,0,0,526,3072,263168,0,0,0,0
128,0,0,655,262407,504638,368784,228491,208475,237352,0,2754,0,0,526,3072,263168,0,0,0,0
129,0,0,658,262407,504671,368846,228536,208557,237389,0,2763,0,0,526,3072,263168,0,0,0,0
130,0,0,660,393606,754579,552527,341007,59149,354339,0,3150,0,0,780,4608,394752,0,0,0,0
131,0,0,660,393606,754598,552472,341210,59087,354434,0,3150,0,0,780,4608,394752,0,0,0,0
132,0,0,660,393606,754585,552385,341113,59150,354345,0,3150,0,0,780,4608,394752,0,0,0,0
133,0,0,650,65601,129565,94922,60934,191878,63111,0,2145,0,0,130,192,65600,0,0,0,0
134,0,0,650,65601,129616,94978,60942,191964,63133,0,2145,0,0,130,192,65600,0,0,0,0
135,0,0,653,65601,129623,94966,60970,191927,63156,0,2153,0,0,130,192,65600,0,0,0,0
136,0,0,651,131139,259892,224082,125479,193607,127767,0,2154,0,0,134,384,131200,0,0,0,0
137,0,0,652,131139,259849,224082,125469,193659,127757,0,2157,0,0,134,384,131200,0,0,0,0
138,0,0,651,131139,259919,224104,125457,193630,127752,0,2154,0,0,134,384,131200,0,0,0,0
139,0,0,656,262235,519677,472062,253125,66374,256117,0,2241,0,0,182,768,262400,0,0,0,0
140,0,0,655,262236,519740,472086,253133,66628,256135,0,2241,0,0,184,768,262400,0,0,0,0
141,0,0,655,262235,519679,472063,253131,66366,256133,0,2238,0,0,182,768,262400,0,0,0,0
142,0,0,660,393348,777568,707297,378042,63951,382462,0,2376,0,0,264,1152,393600,0,0,0,0
143,0,0,660,393348,777556,707296,378041,63876,382461,0,2376,0,0,264,1152,393600,0,0,0,0
144,0,0,660,393348,777605,707346,377920,63948,382375,0,2376,0,0,264,1152,393600,0,0,0,0
145,0,0,650,65553,130719,122032,64400,187479,64944,0,2001,0,0,34,48,65552,0,0,0,0
146,0,0,650,65553,130738,122072,64368,187539,64913,0,2001,0,0,34,48,65552,0,0,0,0
147,0,0,650,65553,130724,122028,64399,187497,64943,0,2001,0,0,34,48,65552,0,0,0,0
148,0,0,651,131105,261603,244186,128925,82183,130013,0,2052,0,0,66,96,131104,0,0,0,0
149,0,0,652,131105,261575,244190,128926,82267,130014,0,2055,0,0,66,96,131104,0,0,0,0
150,0,0,651,131105,261619,244311,128924,82352,130012,0,2052,0,0,66,96,131104,0,0,0,0
151,0,0,656,262210,522806,488184,257523,72076,259715,0,2166,0,0,132,192,262208,0,0,0,0
152,0,0,656,262210,522840,488195,257497,72049,259685,0,2166,0,0,132,192,262208,0,0,0,0
153,0,0,655,262210,522889,488171,257522,72062,259732,0,2163,0,0,132,192,262208,0,0,0,0
154,0,0,659,393315,784168,732220,386209,72226,389487,0,2274,0,0,198,288,393312,0,0,0,0
155,0,0,660,393315,784168,732069,386089,72215,389403,0,2277,0,0,198,288,393312,0,0,0,0
156,0,0,661,393315,784183,732252,386205,72245,389469,0,2277,0,0,198,288,393312,0,0,0,0
157,0,0,650,65541,131013,128812,65252,186430,65388,0,1965,0,0,10,12,65540,0,0,0,0
158,0,0,650,65541,131032,128812,65252,186458,65388,0,1965,0,0,10,12,65540,0,0,0,0
159,0,0,650,65541,131037,128812,65252,186437,65388,0,1965,0,0,10,12,65540,0,0,0,0
160,0,0,651,131081,262047,257701,130534,153902,130806,0,1980,0,0,18,24,131080,0,0,0,0
161,0,0,651,131081,261999,257656,130536,153954,130808,0,1983,0,0,18,24,131080,0,0,0,0
162,0,0,652,131081,262044,257655,130535,153876,130807,0,1982,0,0,18,24,131080,0,0,0,0
163,0,0,656,262162,523942,515250,260969,121227,261513,0,2022,0,0,36,48,262160,0,0,0,0
164,0,0,655,262162,523992,515265,260999,121232,261543,0,2019,0,0,36,48,262160,0,0,0,0
165,0,0,655,262162,523916,515235,260997,121205,261541,0,2019,0,0,36,48,262160,0,0,0,0
166,0,0,660,393243,785941,772871,391469,121418,392285,0,2061,0,0,54,72,393240,0,0,0,0
167,0,0,660,393243,785916,772890,391446,121365,392262,0,2061,0,0,54,72,393240,0,0,0,0
168,0,0,660,393243,785953,772882,391468,121408,392284,0,2061,0,0,54,72,393240,0,0,0,0
169,0,0,17034,65857,127205,0,47072,225141,55821,0,2913,0,0,642,17344,65792,0,0,0,0
170,0,0,17034,65857,127058,0,47076,225159,55841,0,2913,0,0,642,17344,65792,0,0,0,0
171,0,0,17034,65857,127137,0,47115,225281,55918,0,2913,0,0,642,17344,65792,0,0,0,0
172,0,0,33419,131458,256323,106881,109091,230366,117863,0,3111,0,0,772,34688,131584,0,0,0,0
173,0,0,33420,131458,256530,107028,109065,230468,117864,0,3114,0,0,772,34688,131584,0,0,0,0
174,0,0,33419,131458,256396,106993,109096,230376,117868,0,3111,0,0,772,34688,131584,0,0,0,0
175,0,0,66192,262612,508909,322039,225367,219434,237347,0,3372,0,0,936,69376,263168,0,0,0,0
176,0,0,66191,262535,509826,336094,228183,179807,239131,0,3138,0,0,782,69376,263168,0,0,0,0
177,0,0,66191,262537,509864,336690,227515,178602,238531,0,3144,0,0,786,69376,263168,0,0,0,0
178,0,0,98964,393890,760731,490171,335789,138639,353300,0,4002,0,0,1348,104064,394752,0,0,0,0
179,0,0,98963,393892,760935,493919,336934,139353,354120,0,4008,0,0,1352,104064,394752,0,0,0,0
180,0,0,98965,393873,760038,489291,336523,120467,354070,0,3951,0,0,1314,104064,394752,0,0,0,0
181,0,0,262794,66817,155722,0,47332,464940,56036,0,5793,0,0,2562,265984,65792,0,0,0,0
182,0,0,262794,66817,155784,0,47323,464677,56032,0,5793,0,0,2562,265984,65792,0,0,0,0
183,0,0,262794,66817,155622,0,47249,464614,55977,0,5793,0,0,2562,265984,65792,0,0,0,0
184,0,0,524939,133122,296888,0,95302,441296,113096,0,8103,0,0,4100,531968,131584,0,0,0,0
185,0,0,524940,133122,297645,0,95081,442880,112881,0,8106,0,0,4100,531968,131584,0,0,0,0
186,0,0,524939,133122,297590,0,95125,443004,112803,0,8103,0,0,4100,531968,131584,0,0,0,0
187,0,0,1049232,266259,597242,86717,198531,829595,227118,0,14313,0,0,8230,1063936,263168,0,0,0,0
188,0,0,1049231,266242,597079,88827,198511,804720,227051,0,14259,0,0,8196,1063936,263168,0,0,0,0
189,0,0,1049231,266247,597016,87717,198282,819668,226819,0,14274,0,0,8206,1063936,263168,0,0,0,0
190,0,0,1573524,399587,917927,350765,320458,1264112,347894,0,21093,0,0,12742,1595904,394752,0,0,0,0
191,0,0,1573524,399566,915588,338263,318853,1249250,347233,0,21030,0,0,12700,1595904,394752,0,0,0,0
192,0,0,1573524,399564,914782,336330,318801,1249739,347235,0,21024,0,0,12696,1595904,394752,0,0,0,0
