run_id,idle,mem,ddr_write_beats,ddr_read_beats,ddr_read_busy,ddr_read_multi,dma_snd_blocked,dma_rcv_starved,noc_stop_rsp,noc_stop_req,mem_cycles,coh_reqs,coh_fwds,coh_rsps_rcv,coh_rsps_snd,dma_req_flits,dma_rsp_flits,coh_dma_reqs,coh_dma_rsps,llc_hits,llc_misses
0,1,0,479,32,390,0,0,20008488,0,0,20008488,3837,0,0,171,0,0,0,0,0,0
1,0,0,66018,69634,412675,0,0,1140889,0,0,1255577,15969,0,0,8196,114688,73728,0,0,0,0
2,0,0,66019,69634,412568,0,0,1140810,0,0,1255498,15972,0,0,8196,114688,73728,0,0,0,0
3,0,0,66019,69634,412706,0,0,1140922,0,0,1255611,15972,0,0,8196,114688,73728,0,0,0,0
4,0,0,131556,135485,637280,64979,0,932444,0,23,1287887,16923,0,0,8826,229376,147456,0,0,0,0
5,0,0,131557,135488,637740,64422,0,932794,0,15,1288415,16932,0,0,8832,229376,147456,0,0,0,0
6,0,0,131556,135482,636967,64912,0,932593,0,18,1287400,16911,0,0,8820,229376,147456,0,0,0,0
7,0,0,262633,267478,933324,412534,0,682811,0,57201,1520053,19698,0,0,10668,458752,294912,0,0,0,0
8,0,0,262632,267462,941010,408534,0,675834,0,57471,1515732,19647,0,0,10636,458752,294912,0,0,0,0
9,0,0,262633,267466,942334,408795,0,674602,0,57099,1516627,19662,0,0,10644,458752,294912,0,0,0,0
10,0,0,393709,399348,1393360,735327,0,369634,0,359489,1762553,22104,0,0,12264,688128,442368,0,0,0,0
11,0,0,393708,399345,1388660,734341,0,365292,0,355552,1757510,22092,0,0,12258,688128,442368,0,0,0,0
12,0,0,393708,399340,1393597,735140,0,366517,0,356559,1758929,22077,0,0,12248,688128,442368,0,0,0,0
13,0,0,524785,531845,1839056,991706,0,137702,0,886527,2245471,26391,0,0,15114,917504,589824,0,0,0,0
14,0,0,524786,531854,1834314,990680,0,137192,0,890568,2245171,26418,0,0,15132,917504,589824,0,0,0,0
15,0,0,524785,531843,1834974,988872,0,136259,0,889261,2245251,26385,0,0,15110,917504,589824,0,0,0,0
16,0,0,655861,664685,2252861,1199493,0,143027,0,1422311,2801577,31707,0,0,18650,1146880,737280,0,0,0,0
17,0,0,655860,664695,2247681,1193291,0,144581,0,1419271,2798049,31734,0,0,18670,1146880,737280,0,0,0,0
18,0,0,655860,664710,2248577,1199689,0,144687,0,1424147,2801949,31779,0,0,18700,1146880,737280,0,0,0,0
19,0,0,852474,863940,2898670,1555457,0,165099,0,1786450,3603141,39663,0,0,23944,1490944,958464,0,0,0,0
20,0,0,852474,863950,2892250,1554360,0,165752,0,1787217,3605753,39693,0,0,23964,1490944,958464,0,0,0,0
21,0,0,852474,863948,2893350,1552198,0,168154,0,1784685,3602639,39687,0,0,23960,1490944,958464,0,0,0,0
22,0,0,66019,68372,258338,0,0,667799,0,0,775760,12186,0,0,5672,90112,69632,0,0,0,0
23,0,0,66019,68373,258370,0,0,667990,0,0,775945,12189,0,0,5674,90112,69632,0,0,0,0
24,0,0,66019,68373,255625,0,0,656296,0,0,775879,12189,0,0,5674,90112,69632,0,0,0,0
25,0,0,131557,133808,341354,127787,0,571312,0,42245,839925,11893,0,0,5472,180224,139264,0,0,0,0
26,0,0,131557,133808,341270,128137,0,571106,0,42336,839809,11892,0,0,5472,180224,139264,0,0,0,0
27,0,0,131556,133810,343822,123782,0,569930,0,40566,838404,11895,0,0,5476,180224,139264,0,0,0,0
28,0,0,262632,266202,534640,313106,0,521213,0,120055,1105827,15867,0,0,8116,360448,278528,0,0,0,0
29,0,0,262633,266214,533275,314957,0,525249,0,120254,1109054,15906,0,0,8140,360448,278528,0,0,0,0
30,0,0,262633,266218,531346,312725,0,525772,0,121398,1109841,15918,0,0,8148,360448,278528,0,0,0,0
31,0,0,393709,397226,827412,437664,0,174719,10,235541,1108371,15738,0,0,8020,540672,417792,0,0,0,0
32,0,0,393709,397226,831241,433432,0,170237,3,237501,1109376,15738,0,0,8020,540672,417792,0,0,0,0
33,0,0,393709,397237,826700,444137,0,175953,1,237356,1111730,15771,0,0,8042,540672,417792,0,0,0,0
34,0,0,524785,529369,1064788,542577,0,126110,1146,621576,1536457,18960,0,0,10162,720896,557056,0,0,0,0
35,0,0,524785,529360,1070211,544473,0,126098,1078,627817,1539863,18936,0,0,10144,720896,557056,0,0,0,0
36,0,0,524785,529341,1066008,543151,0,120591,1119,623954,1531763,18879,0,0,10106,720896,557056,0,0,0,0
37,0,0,655861,661515,1342021,673409,0,126112,658,787799,1887173,22197,0,0,12310,901120,696320,0,0,0,0
38,0,0,655862,661521,1343900,674763,0,125382,666,786514,1884238,22215,0,0,12322,901120,696320,0,0,0,0
39,0,0,655860,661523,1343700,671964,0,127888,670,783855,1886409,22218,0,0,12326,901120,696320,0,0,0,0
40,0,0,852474,859783,1724484,886995,0,117258,792,1001068,2384854,27192,0,0,15630,1171456,905216,0,0,0,0
41,0,0,852474,859797,1722261,886120,0,117235,881,996383,2381485,27234,0,0,15658,1171456,905216,0,0,0,0
42,0,0,852475,859797,1723147,890477,0,113937,907,1002552,2383515,27237,0,0,15658,1171456,905216,0,0,0,0
43,0,0,66018,67585,177408,0,0,426804,0,0,538313,9822,0,0,4098,77824,67584,0,0,0,0
44,0,0,66019,67585,177457,0,0,426907,0,0,538357,9825,0,0,4098,77824,67584,0,0,0,0
45,0,0,66018,67585,177431,0,0,426832,0,0,538329,9822,0,0,4098,77824,67584,0,0,0,0
46,0,0,131557,133124,248574,80715,0,429054,27096,5,596689,9840,0,0,4104,155648,135168,0,0,0,0
47,0,0,131557,133124,248594,80530,0,428977,27095,3,596677,9840,0,0,4104,155648,135168,0,0,0,0
48,0,0,131556,133124,248539,80661,0,428804,26999,2,596475,9837,0,0,4104,155648,135168,0,0,0,0
49,0,0,262633,264197,432624,187224,1845,193612,36500,74704,633120,9855,0,0,4106,311296,270336,0,0,0,0
50,0,0,262632,264200,436254,144913,658,205126,27353,56822,633771,9861,0,0,4112,311296,270336,0,0,0,0
51,0,0,262633,264200,440418,150645,732,202832,36690,57272,634823,9864,0,0,4112,311296,270336,0,0,0,0
52,0,0,393709,396145,653049,283292,22934,102726,71400,279188,941322,12495,0,0,5858,466944,405504,0,0,0,0
53,0,0,393708,396152,652144,284297,24327,106827,77622,278192,944508,12513,0,0,5872,466944,405504,0,0,0,0
54,0,0,393708,396142,652074,283329,23928,101409,73471,272709,936323,12489,0,0,5858,466944,405504,0,0,0,0
55,0,0,524785,528132,853794,405341,28847,117583,89490,421931,1267769,15252,0,0,7688,622592,540672,0,0,0,0
56,0,0,524785,528144,853770,405413,29678,117504,90543,417999,1266139,15288,0,0,7712,622592,540672,0,0,0,0
57,0,0,524785,528138,855700,406234,29525,116987,91223,418135,1263859,15270,0,0,7700,622592,540672,0,0,0,0
58,0,0,655861,660085,1063435,505392,36192,119979,105420,550955,1549223,17907,0,0,9450,778240,675840,0,0,0,0
59,0,0,655860,660101,1061717,510223,36774,125110,105635,547868,1554833,17952,0,0,9482,778240,675840,0,0,0,0
60,0,0,655860,660098,1061471,508572,35383,122143,104603,552574,1556163,17943,0,0,9476,778240,675840,0,0,0,0
61,0,0,852473,857912,1352925,666304,30992,78284,106274,729594,1937445,21576,0,0,11888,1011712,878592,0,0,0,0
62,0,0,852474,857929,1354624,661021,32802,76937,106771,733828,1939137,21630,0,0,11922,1011712,878592,0,0,0,0
63,0,0,852473,857913,1356832,659651,31513,78086,105633,732913,1941429,21579,0,0,11890,1011712,878592,0,0,0,0
64,0,0,66019,66608,123831,0,0,313985,27483,0,405348,6894,0,0,2144,71680,66560,0,0,0,0
65,0,0,66019,66608,123999,0,0,314129,27454,0,405556,6894,0,0,2144,71680,66560,0,0,0,0
66,0,0,66019,66609,123886,0,0,313960,27451,0,405298,6897,0,0,2146,71680,66560,0,0,0,0
67,0,0,131557,132557,235677,71437,35426,302040,72906,8068,509999,8139,0,0,2970,143360,133120,0,0,0,0
68,0,0,131557,132556,235779,71919,35669,302684,73072,7928,509697,8136,0,0,2968,143360,133120,0,0,0,0
69,0,0,131556,132525,234083,65781,32503,297362,70295,6727,504795,8040,0,0,2906,143360,133120,0,0,0,0
70,0,0,262632,264196,481488,300703,135193,283125,171901,245934,881927,9849,0,0,4104,286720,266240,0,0,0,0
71,0,0,262633,264196,477785,300693,136000,285018,171894,240579,881896,9852,0,0,4104,286720,266240,0,0,0,0
72,0,0,262633,264196,477753,300694,136001,285068,171895,240519,881886,9852,0,0,4104,286720,266240,0,0,0,0
73,0,0,393709,395948,684035,390433,163631,159090,227063,507531,1200490,11904,0,0,5464,430080,399360,0,0,0,0
74,0,0,393709,395933,682886,378471,157870,163315,224672,466384,1176627,11859,0,0,5434,430080,399360,0,0,0,0
75,0,0,393709,395961,685314,393637,164328,158726,226752,525034,1212465,11943,0,0,5490,430080,399360,0,0,0,0
76,0,0,524784,527732,891709,407975,174651,206998,285962,484427,1384193,14049,0,0,6888,573440,532480,0,0,0,0
77,0,0,524785,527725,891268,412023,175368,207432,285753,485158,1389163,14031,0,0,6874,573440,532480,0,0,0,0
78,0,0,524785,527723,891730,411592,175171,209097,285159,488591,1390877,14025,0,0,6870,573440,532480,0,0,0,0
79,0,0,655861,659544,1104116,519187,210505,225069,338751,628819,1700497,16284,0,0,8368,716800,665600,0,0,0,0
80,0,0,655860,659536,1105463,519196,212083,220419,339146,626866,1695023,16257,0,0,8352,716800,665600,0,0,0,0
81,0,0,655860,659521,1102914,513244,209980,218872,338938,619102,1683757,16212,0,0,8322,716800,665600,0,0,0,0
82,0,0,852474,857204,1411202,670632,254969,217129,411201,838953,2142753,19455,0,0,10472,931840,865280,0,0,0,0
83,0,0,852474,857216,1413761,683783,258376,216601,413778,850761,2150690,19491,0,0,10496,931840,865280,0,0,0,0
84,0,0,852475,857201,1409282,675058,255119,210497,412796,839192,2135158,19449,0,0,10466,931840,865280,0,0,0,0
85,0,0,66018,66561,134001,0,29101,258966,46564,0,337427,6750,0,0,2050,68608,66048,0,0,0,0
86,0,0,66019,66561,134148,0,29124,258939,46563,0,337499,6753,0,0,2050,68608,66048,0,0,0,0
87,0,0,66019,66561,134025,0,29013,258941,46545,0,337412,6753,0,0,2050,68608,66048,0,0,0,0
88,0,0,131557,132099,261365,98219,87082,265710,104524,60038,507623,6765,0,0,2054,137216,132096,0,0,0,0
89,0,0,131557,132099,261185,98207,87070,265780,104512,59990,507469,6765,0,0,2054,137216,132096,0,0,0,0
90,0,0,131556,132099,261326,98211,87073,265675,104515,60093,507574,6762,0,0,2054,137216,132096,0,0,0,0
91,0,0,262633,263684,512957,339865,193789,334546,211674,311430,976738,8316,0,0,3080,274432,264192,0,0,0,0
92,0,0,262632,263684,512428,339419,193893,333962,211846,312012,975431,8313,0,0,3080,274432,264192,0,0,0,0
93,0,0,262633,263682,512692,339944,193791,327002,212464,311889,971915,8310,0,0,3076,274432,264192,0,0,0,0
94,0,0,393709,395302,733307,225299,230403,224759,296210,354766,1065236,9966,0,0,4172,411648,396288,0,0,0,0
95,0,0,393708,395273,736182,223366,234097,217527,298495,379610,1072707,9876,0,0,4114,411648,396288,0,0,0,0
96,0,0,393708,395368,727851,240357,226789,247025,292441,335932,1081001,10161,0,0,4304,411648,396288,0,0,0,0
97,0,0,524785,527182,987011,441931,330566,320584,399687,624496,1602697,12402,0,0,5788,548864,528384,0,0,0,0
98,0,0,524785,527164,985265,432933,329272,310058,399415,618594,1580425,12348,0,0,5752,548864,528384,0,0,0,0
99,0,0,524785,527189,984466,431840,329206,319538,399305,617781,1594368,12423,0,0,5802,548864,528384,0,0,0,0
100,0,0,655861,658880,1216264,523781,399987,362065,488432,782922,1945286,14292,0,0,7040,686080,660480,0,0,0,0
101,0,0,655860,658938,1215576,517125,397156,376465,487414,772373,1953977,14463,0,0,7156,686080,660480,0,0,0,0
102,0,0,655860,658873,1214729,522544,398201,360344,487268,777583,1937465,14268,0,0,7026,686080,660480,0,0,0,0
103,0,0,852474,856424,1562148,698986,506809,435688,620431,1043745,2511846,17115,0,0,8912,891904,858624,0,0,0,0
104,0,0,852475,856429,1561057,702652,505062,432595,618836,1040748,2506944,17130,0,0,8922,891904,858624,0,0,0,0
105,0,0,852474,856419,1561435,694725,504987,431946,619995,1034649,2500923,17100,0,0,8902,891904,858624,0,0,0,0
106,0,0,66020,66049,133073,0,46986,231021,55796,0,304641,5217,0,0,1026,67072,65792,0,0,0,0
107,0,0,66019,66049,132857,0,47049,231016,55904,0,304535,5217,0,0,1026,67072,65792,0,0,0,0
108,0,0,66019,66049,132954,0,47075,230964,55920,0,304549,5217,0,0,1026,67072,65792,0,0,0,0
109,0,0,131557,131842,267422,114263,108798,256545,117668,100156,518942,5994,0,0,1540,134144,131584,0,0,0,0
110,0,0,131557,131842,267527,114327,108811,256522,117721,100134,518992,5994,0,0,1540,134144,131584,0,0,0,0
111,0,0,131557,131842,267388,114264,108773,256501,117682,100125,518932,5994,0,0,1540,134144,131584,0,0,0,0
112,0,0,262632,263427,535009,369180,228766,347614,237538,368271,1021969,7542,0,0,2566,268288,263168,0,0,0,0
113,0,0,262633,263427,535119,369125,228711,347207,237483,364821,1022087,7545,0,0,2566,268288,263168,0,0,0,0
114,0,0,262633,263427,534890,371836,228701,351514,237473,364177,1022125,7545,0,0,2566,268288,263168,0,0,0,0
115,0,0,393709,394864,774367,282398,312849,308647,344701,380996,1151887,8652,0,0,3296,402432,394752,0,0,0,0
116,0,0,393709,394862,773128,280530,312934,309960,344805,378310,1150470,8646,0,0,3292,402432,394752,0,0,0,0
117,0,0,393709,394870,773434,286378,313392,311424,344859,383897,1158943,8670,0,0,3308,402432,394752,0,0,0,0
118,0,0,524784,526562,1039245,489569,426976,381694,461459,672212,1667920,10539,0,0,4548,536576,526336,0,0,0,0
119,0,0,524785,526527,1038754,488849,427618,371027,461909,667353,1651387,10437,0,0,4478,536576,526336,0,0,0,0
120,0,0,524785,526544,1039287,501211,428425,375117,461927,676399,1668907,10488,0,0,4512,536576,526336,0,0,0,0
121,0,0,655861,658189,1292498,599437,527060,456050,570682,839363,2061110,12219,0,0,5658,670720,657920,0,0,0,0
122,0,0,655860,658202,1292163,594756,526681,461804,570755,832072,2062269,12255,0,0,5684,670720,657920,0,0,0,0
123,0,0,655860,658209,1292758,598385,527094,463288,570869,838808,2068831,12276,0,0,5698,670720,657920,0,0,0,0
124,0,0,852474,855631,1672028,749052,675729,546898,734937,1109531,2641912,14736,0,0,7326,871936,855296,0,0,0,0
125,0,0,852474,855705,1677857,793083,680046,600777,736037,1138709,2716690,14958,0,0,7474,871936,855296,0,0,0,0
126,0,0,852475,855592,1664091,729280,668808,541533,729266,1080055,2602975,14622,0,0,7248,871936,855296,0,0,0,0
127,0,0,66018,65793,131955,58965,56434,216923,60786,0,287381,4446,0,0,514,66304,65664,0,0,0,0
128,0,0,66019,65793,131819,58927,56432,216898,60791,0,287342,4449,0,0,514,66304,65664,0,0,0,0
129,0,0,66019,65793,131858,58946,56438,216946,60790,0,287323,4449,0,0,514,66304,65664,0,0,0,0
130,0,0,131557,131458,267065,187508,120035,263412,124421,115079,528285,4842,0,0,772,132608,131328,0,0,0,0
131,0,0,131557,131458,266937,187512,120039,263296,124425,115108,528095,4842,0,0,772,132608,131328,0,0,0,0
132,0,0,131556,131458,266871,187506,120033,263264,124419,115085,528056,4839,0,0,772,132608,131328,0,0,0,0
133,0,0,262633,262787,528341,443824,245263,372017,249724,376811,1038235,5625,0,0,1286,265216,262656,0,0,0,0
134,0,0,262632,262787,528470,443823,245262,372061,249723,376897,1038361,5622,0,0,1286,265216,262656,0,0,0,0
135,0,0,262633,262787,528466,443820,245221,372162,249716,376926,1038361,5625,0,0,1286,265216,262656,0,0,0,0
136,0,0,393709,394082,784096,567327,357250,365880,370083,464502,1294342,6306,0,0,1732,397824,393984,0,0,0,0
137,0,0,393708,394063,783217,541567,355197,363372,369647,414640,1232820,6246,0,0,1694,397824,393984,0,0,0,0
138,0,0,393708,394077,783799,559653,356746,365472,369997,445324,1275672,6288,0,0,1722,397824,393984,0,0,0,0
139,0,0,524785,525443,1044299,749255,475228,453439,492620,670897,1713949,7185,0,0,2310,530432,525312,0,0,0,0
140,0,0,524785,525420,1041449,733509,473587,448582,491954,623590,1663955,7116,0,0,2264,530432,525312,0,0,0,0
141,0,0,524786,525440,1044863,758963,476504,455483,493245,682282,1725091,7176,0,0,2304,530432,525312,0,0,0,0
142,0,0,655861,656780,1302359,934407,591764,543575,613447,824804,2112851,7992,0,0,2840,663040,656640,0,0,0,0
143,0,0,655860,656778,1301296,933236,591294,541667,613023,824056,2107943,7983,0,0,2836,663040,656640,0,0,0,0
144,0,0,655860,656786,1302657,939993,592334,547120,613687,833512,2127467,8007,0,0,2852,663040,656640,0,0,0,0
145,0,0,852474,853830,1690363,1220299,766102,703243,793685,1121387,2778469,9333,0,0,3724,861952,853632,0,0,0,0
146,0,0,852474,853830,1691661,1226620,768029,700540,795315,1133016,2788147,9333,0,0,3724,861952,853632,0,0,0,0
147,0,0,852474,853797,1686441,1179773,761293,644182,791394,1081891,2685529,9234,0,0,3658,861952,853632,0,0,0,0
148,0,0,66019,65665,131441,95015,60973,209900,63162,0,278913,4065,0,0,258,65920,65600,0,0,0,0
149,0,0,66019,65665,131417,94982,60985,209855,63161,0,278885,4065,0,0,258,65920,65600,0,0,0,0
150,0,0,66019,65665,131465,95008,60976,209874,63165,0,278935,4065,0,0,258,65920,65600,0,0,0,0
151,0,0,131557,131266,263392,224622,125488,265620,127706,121465,529422,4267,0,0,388,131840,131200,0,0,0,0
152,0,0,131556,131266,263325,224581,125476,265681,127686,121424,529365,4263,0,0,388,131840,131200,0,0,0,0
153,0,0,131556,131266,263319,224587,125485,265700,127695,121402,529369,4263,0,0,388,131840,131200,0,0,0,0
154,0,0,262632,262467,524638,449771,250679,244475,255031,269393,930699,4662,0,0,646,263680,262400,0,0,0,0
155,0,0,262633,262467,524607,449741,250641,244244,255008,269585,930721,4665,0,0,646,263680,262400,0,0,0,0
156,0,0,262633,262467,524551,449724,250684,243984,255036,269576,930625,4665,0,0,646,263680,262400,0,0,0,0
157,0,0,393709,393718,787057,692148,376706,426324,382085,594727,1485072,5214,0,0,1004,395520,393600,0,0,0,0
158,0,0,393709,393716,786996,691602,376651,423961,382057,590916,1480996,5208,0,0,1000,395520,393600,0,0,0,0
159,0,0,393709,393723,787264,693688,376773,428158,382043,596861,1500801,5229,0,0,1014,395520,393600,0,0,0,0
160,0,0,524785,524911,1046998,893398,499390,508011,508441,677421,1785963,5589,0,0,1246,527360,524800,0,0,0,0
161,0,0,524785,524910,1046917,893673,499266,512814,508251,667649,1784881,5586,0,0,1244,527360,524800,0,0,0,0
162,0,0,524784,524914,1046815,895241,499435,509277,508328,685540,1798581,5595,0,0,1252,527360,524800,0,0,0,0
163,0,0,655861,656118,1307517,1106794,621807,595914,633590,841263,2157990,6006,0,0,1516,659200,656000,0,0,0,0
164,0,0,655861,656125,1307160,1104981,621768,613943,633693,807132,2166526,6027,0,0,1530,659200,656000,0,0,0,0
165,0,0,655860,656128,1307803,1113185,622462,614515,633915,841307,2200049,6033,0,0,1536,659200,656000,0,0,0,0
166,0,0,852474,852940,1696159,1436435,806645,724252,822064,1061041,2773007,6663,0,0,1944,856960,852800,0,0,0,0
167,0,0,852474,852941,1696070,1439480,807006,721677,822226,1082253,2784218,6666,0,0,1946,856960,852800,0,0,0,0
168,0,0,852475,852941,1694961,1431848,805816,720061,821432,1052190,2759910,6669,0,0,1946,856960,852800,0,0,0,0
169,0,0,66018,65569,131232,122031,64399,204579,64943,0,272595,3774,0,0,66,65632,65552,0,0,0,0
170,0,0,66019,65569,131223,122030,64398,204518,64942,0,272603,3777,0,0,66,65632,65552,0,0,0,0
171,0,0,66019,65569,131180,122046,64369,204548,64920,0,272571,3777,0,0,66,65632,65552,0,0,0,0
172,0,0,131557,131137,262295,243982,128648,151255,129736,121207,532177,3879,0,0,130,131264,131104,0,0,0,0
173,0,0,131556,131137,262273,243982,128648,151276,129736,121193,532165,3879,0,0,130,131264,131104,0,0,0,0
174,0,0,131557,131137,262149,243921,128657,151169,129745,121073,532098,3876,0,0,130,131264,131104,0,0,0,0
175,0,0,262633,262273,524650,488112,257552,265702,259728,500634,1055295,4083,0,0,258,262528,262208,0,0,0,0
176,0,0,262631,262273,524712,488107,257579,265672,259755,500672,1055326,4080,0,0,258,262528,262208,0,0,0,0
177,0,0,262633,262273,524661,488136,257531,265692,259731,500637,1055297,4083,0,0,258,262528,262208,0,0,0,0
178,0,0,393709,393410,786679,731937,385926,390801,389210,646658,1578727,4291,0,0,388,393792,393312,0,0,0,0
179,0,0,393708,393410,786860,731847,385928,390770,389192,646784,1578798,4287,0,0,388,393792,393312,0,0,0,0
180,0,0,393708,393410,787023,731821,385945,391012,389209,646832,1578951,4287,0,0,388,393792,393312,0,0,0,0
181,0,0,524785,524546,1049165,975798,514598,515465,518950,951056,2102325,4494,0,0,516,525056,524416,0,0,0,0
182,0,0,524785,524546,1049248,975725,514589,515450,518953,951097,2102411,4494,0,0,516,525056,524416,0,0,0,0
183,0,0,524785,524546,1049308,975760,514587,515533,518952,951147,2102487,4494,0,0,516,525056,524416,0,0,0,0
184,0,0,655861,655681,1310760,1219306,642750,638943,648197,1229786,2624310,4695,0,0,642,656320,655520,0,0,0,0
185,0,0,655860,655681,1310650,1219330,642750,638912,648214,1229593,2624239,4692,0,0,642,656320,655520,0,0,0,0
186,0,0,655860,655681,1310609,1219333,642781,639061,648239,1229454,2624131,4692,0,0,642,656320,655520,0,0,0,0
187,0,0,852474,852387,1703367,1584603,835125,825300,842224,1598161,3408843,5004,0,0,838,853216,852176,0,0,0,0
188,0,0,852474,852387,1703729,1584776,835138,825811,842210,1598545,3409215,5004,0,0,838,853216,852176,0,0,0,0
189,0,0,852473,852387,1703488,1584710,835089,825219,842177,1598484,3408987,5001,0,0,838,853216,852176,0,0,0,0
190,0,0,66019,65545,131196,128807,65222,203242,65361,0,271059,3705,0,0,18,65560,65540,0,0,0,0
191,0,0,66019,65545,131103,128812,65252,203190,65388,0,271013,3705,0,0,18,65560,65540,0,0,0,0
192,0,0,66019,65545,131103,128812,65252,203282,65388,0,271013,3705,0,0,18,65560,65540,0,0,0,0
193,0,0,131557,131089,262150,257590,130470,200589,130742,97952,532739,3735,0,0,34,131120,131080,0,0,0,0
194,0,0,131557,131089,262200,257635,130468,200618,130740,97986,532789,3735,0,0,34,131120,131080,0,0,0,0
195,0,0,131556,131089,262152,257589,130469,200559,130741,97936,532732,3733,0,0,34,131120,131080,0,0,0,0
196,0,0,262632,262177,524386,515275,261006,293414,261550,426108,1056700,3792,0,0,66,262240,262160,0,0,0,0
197,0,0,262633,262177,524414,515296,260974,293424,261521,426046,1056735,3795,0,0,66,262240,262160,0,0,0,0
198,0,0,262633,262177,524390,515293,260983,293453,261547,426067,1056713,3795,0,0,66,262240,262160,0,0,0,0
199,0,0,393709,393265,786496,772771,391407,419443,392223,622503,1580726,3855,0,0,98,393360,393240,0,0,0,0
200,0,0,393709,393265,786517,772844,391362,419526,392178,622478,1580799,3855,0,0,98,393360,393240,0,0,0,0
201,0,0,393709,393265,786499,772827,391368,419584,392184,622471,1580746,3855,0,0,98,393360,393240,0,0,0,0
202,0,0,524784,524353,1048583,1030376,521866,545389,522954,917618,2104752,3912,0,0,130,524480,524320,0,0,0,0
203,0,0,524785,524353,1048637,1030407,521862,545597,522950,917667,2104817,3915,0,0,130,524480,524320,0,0,0,0
204,0,0,524786,524353,1048622,1030350,521832,545578,522929,917704,2104845,3915,0,0,130,524480,524320,0,0,0,0
205,0,0,655861,655441,1310592,1287852,652146,671481,653521,1179854,2628545,3975,0,0,162,655600,655400,0,0,0,0
206,0,0,655860,655441,1310640,1287892,652167,671314,653540,1179793,2628575,3972,0,0,162,655600,655400,0,0,0,0
207,0,0,655860,655441,1310690,1287887,652210,671187,653570,1179872,2628571,3972,0,0,162,655600,655400,0,0,0,0
208,0,0,852474,852074,1703903,1674115,847744,860373,849512,1540393,3414945,4065,0,0,212,852280,852020,0,0,0,0
209,0,0,852474,852074,1703872,1674125,847742,860299,849510,1540374,3414893,4065,0,0,212,852280,852020,0,0,0,0
210,0,0,852475,852074,1703793,1674181,847767,860397,849535,1540265,3414819,4068,0,0,212,852280,852020,0,0,0,0
211,0,0,482,68889,351615,0,0,873824,0,0,915491,13734,0,0,6706,24576,73728,0,0,0,0
212,0,0,483,68889,351515,0,0,873739,0,0,915428,13737,0,0,6706,24576,73728,0,0,0,0
213,0,0,483,68889,351589,0,0,873841,0,0,915521,13737,0,0,6706,24576,73728,0,0,0,0
214,0,0,485,134354,614590,40808,0,777877,0,0,1006005,13530,0,0,6564,49152,147456,0,0,0,0
215,0,0,485,134352,650538,115,0,798461,0,0,1006511,13524,0,0,6560,49152,147456,0,0,0,0
216,0,0,484,134352,616232,38537,0,776396,0,0,1006560,13521,0,0,6560,49152,147456,0,0,0,0
217,0,0,489,266012,694242,415768,0,778702,0,0,1017590,15300,0,0,7736,98304,294912,0,0,0,0
218,0,0,488,266010,693667,415731,0,778280,0,0,1017019,15291,0,0,7732,98304,294912,0,0,0,0
219,0,0,489,266012,693707,415750,0,778761,0,0,1017443,15300,0,0,7736,98304,294912,0,0,0,0
220,0,0,493,397236,905799,622025,0,616484,0,0,1068365,15768,0,0,8040,147456,442368,0,0,0,0
221,0,0,492,397242,906223,623485,0,616799,0,0,1069848,15783,0,0,8052,147456,442368,0,0,0,0
222,0,0,492,397247,906262,623380,0,613375,0,0,1071213,15798,0,0,8062,147456,442368,0,0,0,0
223,0,0,497,528400,1079030,808367,0,467684,0,2800,1155440,16056,0,0,8224,196608,589824,0,0,0,0
224,0,0,497,528400,1079184,824914,0,471264,0,1637,1155398,16056,0,0,8224,196608,589824,0,0,0,0
225,0,0,497,528400,1078966,808441,0,467647,0,2919,1155366,16056,0,0,8224,196608,589824,0,0,0,0
226,0,0,501,659720,1187813,1000469,0,312157,0,24995,1268471,16812,0,0,8720,245760,737280,0,0,0,0
227,0,0,500,659690,1179986,990903,0,321766,0,22941,1259944,16719,0,0,8660,245760,737280,0,0,0,0
228,0,0,500,659690,1179438,991164,0,320615,0,22254,1258847,16719,0,0,8660,245760,737280,0,0,0,0
229,0,0,506,857595,1533934,1289853,0,13129,0,505938,1635052,20628,0,0,11254,319488,958464,0,0,0,0
230,0,0,507,857595,1535010,1290504,0,12591,0,507530,1635773,20631,0,0,11254,319488,958464,0,0,0,0
231,0,0,507,857593,1534532,1291441,0,13630,0,505299,1636021,20625,0,0,11250,319488,958464,0,0,0,0
232,0,0,483,67586,218482,0,0,504147,0,0,533651,9828,0,0,4100,12288,69632,0,0,0,0
233,0,0,483,67586,218516,0,0,504240,0,0,533627,9828,0,0,4100,12288,69632,0,0,0,0
234,0,0,483,67586,218466,0,0,504184,0,0,533621,9828,0,0,4100,12288,69632,0,0,0,0
235,0,0,485,133124,312251,101919,0,507125,0,0,551309,9840,0,0,4104,24576,139264,0,0,0,0
236,0,0,485,133124,312276,101894,0,507130,0,0,551291,9840,0,0,4104,24576,139264,0,0,0,0
237,0,0,484,133124,312333,101897,0,507178,0,0,551312,9837,0,0,4104,24576,139264,0,0,0,0
238,0,0,488,264200,457589,278189,0,468525,0,0,564321,9861,0,0,4112,49152,278528,0,0,0,0
239,0,0,489,264200,462631,262284,0,461470,0,0,564345,9864,0,0,4112,49152,278528,0,0,0,0
240,0,0,489,264200,462617,262281,0,461506,0,0,564359,9864,0,0,4112,49152,278528,0,0,0,0
241,0,0,493,395448,619211,445297,0,329438,0,0,664921,10404,0,0,4464,73728,417792,0,0,0,0
242,0,0,493,395478,634139,447780,0,333730,0,0,680383,10494,0,0,4524,73728,417792,0,0,0,0
243,0,0,492,395478,633965,448157,0,333938,0,0,680258,10491,0,0,4524,73728,417792,0,0,0,0
244,0,0,497,526840,733170,610349,0,252539,0,0,784301,11376,0,0,5104,98304,557056,0,0,0,0
245,0,0,497,526832,731845,609243,0,243392,0,0,782119,11352,0,0,5088,98304,557056,0,0,0,0
246,0,0,496,526832,731946,609386,0,240197,0,0,781873,11349,0,0,5088,98304,557056,0,0,0,0
247,0,0,501,658520,914560,760769,0,16751,9357,26555,976309,13212,0,0,6320,122880,696320,0,0,0,0
248,0,0,501,658510,914225,760561,0,10880,0,37866,974129,13182,0,0,6300,122880,696320,0,0,0,0
249,0,0,501,658510,914302,760508,0,11815,0,38737,974912,13179,0,0,6300,122880,696320,0,0,0,0
250,0,0,506,856048,1187293,988191,0,12350,774,557921,1263303,15987,0,0,8160,159744,905216,0,0,0,0
251,0,0,507,856043,1188109,988804,0,12668,2158,561515,1264315,15972,0,0,8150,159744,905216,0,0,0,0
252,0,0,507,856048,1188266,989043,0,12739,7567,547973,1264619,15990,0,0,8160,159744,905216,0,0,0,0
253,0,0,482,66589,141060,0,0,321893,0,0,328527,6834,0,0,2106,6144,67584,0,0,0,0
254,0,0,483,66590,141105,0,0,322029,0,0,328695,6840,0,0,2108,6144,67584,0,0,0,0
255,0,0,483,66589,141090,0,0,321969,0,0,328602,6837,0,0,2106,6144,67584,0,0,0,0
256,0,0,485,132168,260431,8181,0,322418,0,0,341557,6972,0,0,2192,12288,135168,0,0,0,0
257,0,0,485,132168,260465,8136,0,322273,0,0,341463,6972,0,0,2192,12288,135168,0,0,0,0
258,0,0,484,132168,260426,8235,0,322381,24,0,341638,6969,0,0,2192,12288,135168,0,0,0,0
259,0,0,489,263592,413557,236816,50019,334767,89066,0,449061,8042,0,0,2896,24576,270336,0,0,0,0
260,0,0,489,263588,413309,236223,50101,334328,89249,0,448528,8028,0,0,2888,24576,270336,0,0,0,0
261,0,0,488,263592,413499,236534,50078,335003,89192,0,449301,8037,0,0,2896,24576,270336,0,0,0,0
262,0,0,492,394764,594941,473586,106757,288831,144630,0,633672,8349,0,0,3096,36864,405504,0,0,0,0
263,0,0,493,394764,594939,473588,106757,288842,144630,0,633685,8352,0,0,3096,36864,405504,0,0,0,0
264,0,0,493,394764,594736,473521,106686,288876,144687,0,633097,8352,0,0,3096,36864,405504,0,0,0,0
265,0,0,497,526320,769763,612812,113302,12691,159053,650,817401,9816,0,0,4064,49152,540672,0,0,0,0
266,0,0,496,526318,769240,612459,113090,12323,158905,645,816641,9807,0,0,4060,49152,540672,0,0,0,0
267,0,0,497,526318,769637,612721,113181,12356,158912,675,816965,9810,0,0,4060,49152,540672,0,0,0,0
268,0,0,501,657830,953179,755179,134463,11940,190979,139259,1008237,11142,0,0,4940,61440,675840,0,0,0,0
269,0,0,501,657830,953320,755207,134478,11922,191007,139383,1008407,11142,0,0,4940,61440,675840,0,0,0,0
270,0,0,501,657830,953433,755224,134440,11928,190948,139483,1008505,11142,0,0,4940,61440,675840,0,0,0,0
271,0,0,506,855057,1192185,928548,113866,12749,180948,980627,1258781,13014,0,0,6178,79872,878592,0,0,0,0
272,0,0,506,855058,1192567,969948,147895,12944,218677,945018,1258545,13017,0,0,6180,79872,878592,0,0,0,0
273,0,0,506,855060,1193819,953306,126608,13168,202849,962079,1259201,13023,0,0,6184,79872,878592,0,0,0,0
274,0,0,483,66371,113947,0,0,232447,27269,0,239316,6183,0,0,1670,3072,66560,0,0,0,0
275,0,0,483,66371,113982,0,0,232414,27270,0,239250,6183,0,0,1670,3072,66560,0,0,0,0
276,0,0,483,66371,113819,0,0,232343,27289,0,239293,6183,0,0,1670,3072,66560,0,0,0,0
277,0,0,485,131904,212257,3800,11628,233151,70804,0,261199,6180,0,0,1664,6144,133120,0,0,0,0
278,0,0,485,131900,212139,3618,11864,232784,71044,0,260754,6168,0,0,1656,6144,133120,0,0,0,0
279,0,0,484,131902,212177,3661,11692,232861,70918,0,260864,6171,0,0,1660,6144,133120,0,0,0,0
280,0,0,489,263116,453047,314348,140014,235553,174035,0,481801,6609,0,0,1944,12288,266240,0,0,0,0
281,0,0,489,263112,452741,314170,140171,234723,174115,0,480807,6600,0,0,1936,12288,266240,0,0,0,0
282,0,0,489,263112,452957,313990,139969,234405,173974,0,480959,6600,0,0,1936,12288,266240,0,0,0,0
283,0,0,493,394248,673225,514416,221452,35724,257511,0,702773,6804,0,0,2064,18432,399360,0,0,0,0
284,0,0,493,394248,672440,526348,219717,43408,255732,0,702245,6807,0,0,2064,18432,399360,0,0,0,0
285,0,0,493,394248,672395,526315,219728,43377,255748,0,702195,6804,0,0,2064,18432,399360,0,0,0,0
286,0,0,496,525680,890727,694552,284122,11535,332654,16743,927021,7893,0,0,2784,24576,532480,0,0,0,0
287,0,0,497,525680,890217,694602,284334,11852,332784,16248,926781,7896,0,0,2784,24576,532480,0,0,0,0
288,0,0,497,525680,890370,694421,284155,11689,332683,16382,926762,7896,0,0,2784,24576,532480,0,0,0,0
289,0,0,501,657080,1110733,866871,358027,11106,417988,392125,1153855,8892,0,0,3440,30720,665600,0,0,0,0
290,0,0,500,657080,1109261,866535,360727,12634,421275,389959,1153985,8889,0,0,3440,30720,665600,0,0,0,0
291,0,0,500,657080,1111355,870201,356989,11648,414345,390446,1153632,8889,0,0,3440,30720,665600,0,0,0,0
292,0,0,507,854220,1381238,1078289,395303,12963,472339,1316425,1433412,10503,0,0,4504,39936,865280,0,0,0,0
293,0,0,506,854220,1381267,1078239,395065,12947,472204,1316157,1433414,10503,0,0,4504,39936,865280,0,0,0,0
294,0,0,507,854218,1381036,1078238,395129,12738,472362,1316208,1432874,10500,0,0,4500,39936,865280,0,0,0,0
295,0,0,482,66049,118960,0,28870,185995,46374,0,187531,5214,0,0,1026,1536,66048,0,0,0,0
296,0,0,483,66049,118866,0,28909,186021,46395,0,187557,5217,0,0,1026,1536,66048,0,0,0,0
297,0,0,483,66049,118907,0,28866,186039,46364,0,187575,5217,0,0,1026,1536,66048,0,0,0,0
298,0,0,485,131586,243729,50170,87269,184549,104727,0,262567,5226,0,0,1028,3072,132096,0,0,0,0
299,0,0,485,131586,243750,50194,87284,184610,104726,0,262589,5226,0,0,1028,3072,132096,0,0,0,0
300,0,0,484,131586,243742,50190,87244,184549,104686,0,262568,5223,0,0,1028,3072,132096,0,0,0,0
301,0,0,489,262660,488566,349760,199032,180573,216542,0,507463,5244,0,0,1032,6144,264192,0,0,0,0
302,0,0,488,262660,488594,349759,199031,180554,216541,0,507473,5241,0,0,1032,6144,264192,0,0,0,0
303,0,0,489,262660,488477,349788,199029,180571,216547,0,507397,5244,0,0,1032,6144,264192,0,0,0,0
304,0,0,493,393924,729278,537493,299030,12223,323114,0,752485,5832,0,0,1416,9216,396288,0,0,0,0
305,0,0,492,393924,729106,537106,298876,12354,323098,0,752046,5829,0,0,1416,9216,396288,0,0,0,0
306,0,0,492,393924,728987,537123,298822,12357,323011,0,751928,5829,0,0,1416,9216,396288,0,0,0,0
307,0,0,498,525248,967983,707865,393505,13068,426039,131866,996922,6600,0,0,1920,12288,528384,0,0,0,0
308,0,0,497,525248,967394,707947,393384,13066,425857,131126,996381,6600,0,0,1920,12288,528384,0,0,0,0
309,0,0,497,525247,967543,707995,393634,12616,426088,131302,996431,6597,0,0,1918,12288,528384,0,0,0,0
310,0,0,501,656396,1225637,932379,497654,13010,532658,643419,1256474,6840,0,0,2072,15360,660480,0,0,0,0
311,0,0,500,656396,1226021,932409,497685,12964,532671,643835,1256885,6837,0,0,2072,15360,660480,0,0,0,0
312,0,0,500,656396,1226227,932342,497663,12963,532649,644057,1257041,6837,0,0,2072,15360,660480,0,0,0,0
313,0,0,506,853504,1536682,1130201,605328,12733,657449,1529158,1577713,8355,0,0,3072,19968,858624,0,0,0,0
314,0,0,506,853512,1533561,1121286,602947,13399,655211,1526737,1575294,8379,0,0,3088,19968,858624,0,0,0,0
315,0,0,506,853513,1532554,1119146,602055,12742,654435,1526409,1573773,8385,0,0,3093,19968,858624,0,0,0,0
316,0,0,483,65793,125413,0,47263,163119,55967,0,163887,4449,0,0,514,768,65792,0,0,0,0
317,0,0,483,65793,125482,0,47257,163164,55961,0,163932,4449,0,0,514,768,65792,0,0,0,0
318,0,0,483,65793,125533,0,47250,163213,55954,0,163981,4449,0,0,514,768,65792,0,0,0,0
319,0,0,485,131330,253025,90446,109050,162814,117799,0,266741,4458,0,0,516,1536,131584,0,0,0,0
320,0,0,485,131330,253146,90524,109032,162947,117787,0,266865,4458,0,0,516,1536,131584,0,0,0,0
321,0,0,484,131330,253001,90420,109044,162811,117796,0,266704,4455,0,0,516,1536,131584,0,0,0,0
322,0,0,488,262404,505850,370536,230190,162680,239100,0,519611,4473,0,0,520,3072,263168,0,0,0,0
323,0,0,490,262404,505788,370502,230235,162657,239149,0,519561,4479,0,0,523,3072,263168,0,0,0,0
324,0,0,489,262404,505759,370450,230188,162641,239088,0,519535,4476,0,0,520,3072,263168,0,0,0,0
325,0,0,493,393606,757375,553199,343871,15452,357048,0,774187,4878,0,0,780,4608,394752,0,0,0,0
326,0,0,493,393606,757450,553198,343920,15429,357090,0,774231,4878,0,0,780,4608,394752,0,0,0,0
327,0,0,493,393606,757406,553209,343822,15481,357011,0,774191,4881,0,0,783,4608,394752,0,0,0,0
328,0,0,496,524808,1007662,739053,456528,14504,474184,196927,1027559,5277,0,0,1040,6144,526336,0,0,0,0
329,0,0,497,524808,1008002,739074,456546,14512,474207,197155,1027919,5280,0,0,1040,6144,526336,0,0,0,0
330,0,0,497,524808,1007632,739120,456495,14542,474132,196810,1027514,5280,0,0,1040,6144,526336,0,0,0,0
331,0,0,501,656009,1254118,918529,566483,14798,588452,857193,1277077,5679,0,0,1298,7680,657920,0,0,0,0
332,0,0,502,656009,1254136,918611,566649,14743,588559,857199,1277095,5679,0,0,1298,7680,657920,0,0,0,0
333,0,0,500,656009,1254087,918570,566684,14743,588597,857184,1277044,5676,0,0,1298,7680,657920,0,0,0,0
334,0,0,506,852811,1620796,1188347,725307,14714,753936,1589781,1648160,6276,0,0,1686,9984,855296,0,0,0,0
335,0,0,506,852813,1620936,1188576,725473,14810,754094,1589966,1648392,6282,0,0,1692,9984,855296,0,0,0,0
336,0,0,507,852811,1620944,1188639,725682,14762,754197,1589965,1648319,6282,0,0,1689,9984,855296,0,0,0,0
337,0,0,482,65665,128012,58796,56354,151009,60730,0,151393,4062,0,0,258,384,65664,0,0,0,0
338,0,0,483,65665,127985,58784,56331,151011,60719,0,151395,4065,0,0,258,384,65664,0,0,0,0
339,0,0,483,65665,128046,58792,56355,151019,60721,0,151403,4065,0,0,258,384,65664,0,0,0,0
340,0,0,485,131202,257307,187620,120127,152518,124513,0,268466,4074,0,0,260,768,131328,0,0,0,0
341,0,0,484,131202,257327,187668,120195,152567,124581,0,268487,4074,0,0,260,768,131328,0,0,0,0
342,0,0,485,131202,257308,187616,120143,152499,124529,0,268455,4071,0,0,260,768,131328,0,0,0,0
343,0,0,489,262276,515182,444259,246188,155543,250642,0,526395,4092,0,0,264,1536,262656,0,0,0,0
344,0,0,488,262276,515270,444363,246157,155633,250619,0,526469,4089,0,0,264,1536,262656,0,0,0,0
345,0,0,489,262276,515289,444274,246165,155558,250619,0,526523,4092,0,0,264,1536,262656,0,0,0,0
346,0,0,493,393414,772005,666313,368343,21069,375066,0,784947,4302,0,0,396,2304,393984,0,0,0,0
347,0,0,492,393414,771831,666289,368315,21103,375047,0,784760,4299,0,0,396,2304,393984,0,0,0,0
348,0,0,492,393414,771956,666280,368319,21076,375022,0,784892,4299,0,0,396,2304,393984,0,0,0,0
349,0,0,498,524552,1028713,888220,490376,18582,499256,219230,1043475,4512,0,0,528,3072,525312,0,0,0,0
350,0,0,497,524552,1028779,888265,490388,18605,499257,219259,1043537,4512,0,0,528,3072,525312,0,0,0,0
351,0,0,497,524552,1028760,888222,490405,18579,499259,219297,1043534,4515,0,0,531,3072,525312,0,0,0,0
352,0,0,501,655689,1283063,1108656,610564,18837,621581,883105,1299619,4719,0,0,658,3840,656640,0,0,0,0
353,0,0,500,655689,1283112,1108676,610677,18824,621679,883120,1299659,4716,0,0,658,3840,656640,0,0,0,0
354,0,0,500,655689,1283081,1108634,610582,18843,621583,883097,1299632,4716,0,0,658,3840,656640,0,0,0,0
355,0,0,506,852391,1662800,1436495,788903,17164,803127,1600053,1680940,5016,0,0,846,4992,853632,0,0,0,0
356,0,0,506,852391,1662789,1436697,788839,17226,803083,1599824,1680850,5016,0,0,846,4992,853632,0,0,0,0
357,0,0,506,852391,1663107,1436662,788909,17193,803121,1600133,1681167,5016,0,0,846,4992,853632,0,0,0,0
358,0,0,483,65601,129619,94970,60978,145214,63154,0,145406,3873,0,0,130,192,65600,0,0,0,0
359,0,0,483,65601,129633,94966,60972,145210,63155,0,145402,3873,0,0,130,192,65600,0,0,0,0
360,0,0,483,65601,129627,94988,60958,145231,63152,0,145423,3873,0,0,130,192,65600,0,0,0,0
361,0,0,485,131138,259827,224710,125564,149157,127781,0,269703,3882,0,0,132,384,131200,0,0,0,0
362,0,0,485,131138,259843,224729,125572,149176,127782,0,269719,3882,0,0,132,384,131200,0,0,0,0
363,0,0,484,131138,259850,224733,125569,149168,127779,0,269717,3879,0,0,132,384,131200,0,0,0,0
364,0,0,488,262233,519572,471989,253078,23332,256090,0,529922,3960,0,0,178,768,262400,0,0,0,0
365,0,0,489,262233,519584,471983,253079,23329,256086,0,529947,3963,0,0,178,768,262400,0,0,0,0
366,0,0,489,262233,519570,471986,253074,23344,256066,0,529935,3963,0,0,178,768,262400,0,0,0,0
367,0,0,493,393348,779351,709052,379670,21420,384098,0,790757,4104,0,0,264,1152,393600,0,0,0,0
368,0,0,493,393348,779347,709047,379653,19338,384103,0,790749,4104,0,0,264,1152,393600,0,0,0,0
369,0,0,493,393348,779363,709065,379660,19338,384089,0,790763,4104,0,0,264,1152,393600,0,0,0,0
370,0,0,496,524464,1037571,944561,504687,21799,510550,295270,1050339,4245,0,0,352,1536,524800,0,0,0,0
371,0,0,497,524464,1036641,943641,503936,21751,509784,296890,1049417,4248,0,0,352,1536,524800,0,0,0,0
372,0,0,496,524464,1037554,944538,504705,21779,510593,295267,1050317,4245,0,0,352,1536,524800,0,0,0,0
373,0,0,501,655579,1296272,1179958,630239,19767,637579,1179350,1309959,4389,0,0,438,1920,656000,0,0,0,0
374,0,0,501,655579,1296379,1180151,630398,17747,637746,1185362,1310067,4389,0,0,438,1920,656000,0,0,0,0
375,0,0,500,655579,1296222,1179946,630207,19735,637542,1179339,1309896,4386,0,0,438,1920,656000,0,0,0,0
376,0,0,506,852250,1682397,1531459,816727,17429,826213,1595775,1697365,4593,0,0,564,2496,852800,0,0,0,0
377,0,0,506,852250,1682428,1531460,816728,17428,826214,1595806,1697384,4593,0,0,564,2496,852800,0,0,0,0
378,0,0,507,852250,1682685,1531465,816706,17465,826192,1596031,1697655,4596,0,0,564,2496,852800,0,0,0,0
379,0,0,483,65553,130722,122020,64397,140775,64941,0,140823,3729,0,0,34,48,65552,0,0,0,0
380,0,0,483,65553,130677,122014,64397,140769,64941,0,140817,3729,0,0,34,48,65552,0,0,0,0
381,0,0,483,65553,130726,122062,64374,140823,64918,0,140871,3729,0,0,34,48,65552,0,0,0,0
382,0,0,485,131105,261293,243976,128675,35893,129763,0,270497,3783,0,0,66,96,131104,0,0,0,0
383,0,0,485,131105,261297,243978,128666,35903,129754,0,270501,3783,0,0,66,96,131104,0,0,0,0
384,0,0,485,131105,261264,243958,128639,35919,129727,0,270465,3783,0,0,66,96,131104,0,0,0,0
385,0,0,490,262210,522887,488230,257562,25339,259746,0,532933,3894,0,0,132,192,262208,0,0,0,0
386,0,0,488,262210,522776,488179,257526,25335,259717,0,532803,3891,0,0,132,192,262208,0,0,0,0
387,0,0,489,262210,522851,488164,257573,25345,259749,0,532889,3894,0,0,132,192,262208,0,0,0,0
388,0,0,493,393315,783965,731967,386012,25531,389301,0,794945,4005,0,0,198,288,393312,0,0,0,0
389,0,0,492,393315,784006,732056,386009,25495,389282,0,794967,4002,0,0,198,288,393312,0,0,0,0
390,0,0,492,393315,783908,731950,385989,25494,389267,0,794870,4002,0,0,198,288,393312,0,0,0,0
391,0,0,497,524419,1045229,976001,514649,25515,519023,784258,1056886,4113,0,0,262,384,524416,0,0,0,0
392,0,0,497,524419,1045286,975942,514583,25466,518969,784414,1056939,4113,0,0,262,384,524416,0,0,0,0
393,0,0,497,524419,1045237,975958,514664,25510,519032,784277,1056889,4113,0,0,262,384,524416,0,0,0,0
394,0,0,501,655524,1306048,1219446,642875,25772,648355,1152535,1318639,4224,0,0,328,480,655520,0,0,0,0
395,0,0,501,655524,1306105,1219484,642862,25724,648324,1152515,1318693,4227,0,0,331,480,655520,0,0,0,0
396,0,0,500,655524,1306139,1219509,642934,25753,648389,1152652,1318724,4221,0,0,328,480,655520,0,0,0,0
397,0,0,506,852179,1697078,1584627,835230,25485,842335,1569441,1710464,4380,0,0,422,624,852176,0,0,0,0
398,0,0,507,852179,1697086,1584647,835248,25483,842370,1569443,1710490,4380,0,0,422,624,852176,0,0,0,0
399,0,0,506,852179,1697219,1584692,835214,25534,842362,1569449,1710585,4380,0,0,422,624,852176,0,0,0,0
400,0,0,483,65541,131039,128856,65248,139740,65384,0,139752,3693,0,0,10,12,65540,0,0,0,0
401,0,0,483,65541,131029,128846,65248,139729,65384,0,139741,3693,0,0,10,12,65540,0,0,0,0
402,0,0,483,65541,131006,128812,65252,139702,65388,0,139714,3693,0,0,10,12,65540,0,0,0,0
403,0,0,485,131081,261935,257592,130472,107265,130744,0,270659,3711,0,0,18,24,131080,0,0,0,0
404,0,0,485,131081,261947,257591,130471,107252,130743,0,270671,3711,0,0,18,24,131080,0,0,0,0
405,0,0,484,131081,261936,257592,130472,107248,130744,0,270654,3708,0,0,18,24,131080,0,0,0,0
406,0,0,488,262162,523972,515283,261004,74495,261548,0,533063,3747,0,0,36,48,262160,0,0,0,0
407,0,0,489,262162,523966,515277,260972,74488,261516,0,533047,3750,0,0,36,48,262160,0,0,0,0
408,0,0,489,262162,523976,515292,261003,74526,261547,0,533092,3750,0,0,36,48,262160,0,0,0,0
409,0,0,493,393243,785857,772830,391422,74659,392238,0,795389,3789,0,0,54,72,393240,0,0,0,0
410,0,0,493,393243,785821,772786,391410,74659,392238,0,795393,3789,0,0,54,72,393240,0,0,0,0
411,0,0,493,393243,785878,772807,391411,74666,392227,0,795409,3789,0,0,54,72,393240,0,0,0,0
412,0,0,496,524323,1047787,1030420,521887,74646,522975,32646,1057551,3822,0,0,70,96,524320,0,0,0,0
413,0,0,497,524323,1047790,1030421,521850,74686,522938,32646,1057563,3825,0,0,70,96,524320,0,0,0,0
414,0,0,497,524323,1047744,1030371,521851,74664,522939,32648,1057481,3825,0,0,70,96,524320,0,0,0,0
415,0,0,501,655404,1309661,1287933,652238,74959,653598,686946,1319844,3864,0,0,88,120,655400,0,0,0,0
416,0,0,501,655404,1309588,1287895,652219,74924,653579,686970,1319829,3864,0,0,88,120,655400,0,0,0,0
417,0,0,500,655404,1309644,1287939,652227,74912,653587,686989,1319821,3861,0,0,88,120,655400,0,0,0,0
418,0,0,506,852025,1702351,1674110,847784,75194,849552,1178700,1713121,3918,0,0,114,156,852020,0,0,0,0
419,0,0,506,852025,1702342,1674129,847744,75195,849512,1178738,1713114,3918,0,0,114,156,852020,0,0,0,0
420,0,0,507,852025,1702342,1674123,847746,75206,849539,1178657,1713097,3921,0,0,114,156,852020,0,0,0,0
421,0,0,16866,66818,150238,0,0,335081,0,1,364741,7521,0,0,2564,24064,67584,0,0,0,0
422,0,0,16867,66818,150148,0,0,335116,0,0,364749,7524,0,0,2564,24064,67584,0,0,0,0
423,0,0,16867,66818,150359,0,0,335120,0,1,364862,7524,0,0,2564,24064,67584,0,0,0,0
424,0,0,33253,132356,257019,20290,0,315601,4863,944,383652,7536,0,0,2568,48128,135168,0,0,0,0
425,0,0,33253,132356,256954,20331,0,315581,4858,949,383576,7536,0,0,2568,48128,135168,0,0,0,0
426,0,0,33252,132356,256956,20291,0,315539,4859,944,383563,7533,0,0,2568,48128,135168,0,0,0,0
427,0,0,66024,263687,411704,232155,51127,279257,93326,25470,487453,8325,0,0,3086,96256,270336,0,0,0,0
428,0,0,66024,263687,411640,232034,50606,279820,93141,24997,487515,8322,0,0,3086,96256,270336,0,0,0,0
429,0,0,66025,263688,411723,232285,50153,281099,92298,24099,488549,8328,0,0,3088,96256,270336,0,0,0,0
430,0,0,98797,395001,603670,427881,86999,192354,132432,74579,673510,9063,0,0,3570,144384,405504,0,0,0,0
431,0,0,98797,395012,604009,431076,87857,192904,132178,79603,674281,9093,0,0,3592,144384,405504,0,0,0,0
432,0,0,98796,394764,596279,434699,89375,166702,130972,25020,634097,8349,0,0,3096,144384,405504,0,0,0,0
433,0,0,131569,526578,785777,558036,96153,52799,147252,346689,885823,10590,0,0,4580,192512,540672,0,0,0,0
434,0,0,131569,526564,785132,560397,98302,50894,149122,359719,881535,10548,0,0,4552,192512,540672,0,0,0,0
435,0,0,131569,526560,786710,561855,99952,50863,150708,359411,882101,10536,0,0,4544,192512,540672,0,0,0,0
436,0,0,164341,658155,962275,696832,109178,54530,174219,540771,1071926,12117,0,0,5590,240640,675840,0,0,0,0
437,0,0,164341,658135,960824,694962,108267,51223,173646,538428,1067168,12057,0,0,5550,240640,675840,0,0,0,0
438,0,0,164341,658134,962762,694430,107952,52392,173173,536512,1068799,12054,0,0,5548,240640,675840,0,0,0,0
439,0,0,213498,855496,1205975,880131,97654,65456,176151,836809,1332429,14331,0,0,7056,312832,878592,0,0,0,0
440,0,0,213498,855527,1207531,881515,98376,68275,177725,831460,1337241,14424,0,0,7118,312832,878592,0,0,0,0
441,0,0,213498,855536,1205148,879990,95493,67294,173769,828994,1332189,14451,0,0,7136,312832,878592,0,0,0,0
442,0,0,262627,69592,239568,0,0,690689,0,1582,1070271,15846,0,0,8112,292864,67584,0,0,0,0
443,0,0,262627,69597,240280,0,0,691428,0,1382,1071175,15861,0,0,8122,292864,67584,0,0,0,0
444,0,0,262627,69594,239643,0,0,690615,0,1476,1070530,15852,0,0,8116,292864,67584,0,0,0,0
445,0,0,524773,135170,351394,0,0,403790,0,111595,1255456,15978,0,0,8196,585728,135168,0,0,0,0
446,0,0,524773,135170,350063,0,0,401499,0,116830,1255593,15978,0,0,8196,585728,135168,0,0,0,0
447,0,0,524772,135170,389500,10316,0,455520,2132,94057,1255097,15975,0,0,8196,585728,135168,0,0,0,0
448,0,0,1049064,268261,562567,193072,3041,143790,40560,255018,1755477,22044,0,0,12234,1171456,270336,0,0,0,0
449,0,0,1049065,268262,563024,191990,1439,142294,39373,254805,1750543,22050,0,0,12236,1171456,270336,0,0,0,0
450,0,0,1049065,268270,560201,200122,1608,143385,41916,258160,1752539,22074,0,0,12252,1171456,270336,0,0,0,0
451,0,0,1573357,402619,898063,178385,4470,342308,38018,398435,2763836,31917,0,0,18806,1757184,405504,0,0,0,0
452,0,0,1573357,402617,898387,175778,4469,342518,37331,394443,2764258,31911,0,0,18802,1757184,405504,0,0,0,0
453,0,0,1573357,402620,897099,179641,5169,343535,39039,394958,2766313,31920,0,0,18808,1757184,405504,0,0,0,0
454,0,0,2097648,536097,1176216,220226,5814,300349,41752,573498,3514682,39144,0,0,23618,2342912,540672,0,0,0,0
455,0,0,2097649,536107,1178970,220489,6129,303630,41845,578634,3522183,39177,0,0,23638,2342912,540672,0,0,0,0
456,0,0,2097649,536163,1181796,221166,5872,306346,36964,579191,3527353,39345,0,0,23750,2342912,540672,0,0,0,0
457,0,0,2621941,669804,1460498,277017,6575,295579,41980,777085,4312270,47064,0,0,28888,2928640,675840,0,0,0,0
458,0,0,2621940,669807,1459642,275955,6449,289363,42088,777262,4303707,47070,0,0,28894,2928640,675840,0,0,0,0
459,0,0,2621940,669798,1461014,275848,7057,288910,42866,784253,4310571,47043,0,0,28876,2928640,675840,0,0,0,0
460,0,0,3408378,870291,1852895,393891,5416,216159,48654,1052553,5439182,58716,0,0,36646,3807232,878592,0,0,0,0
461,0,0,3408378,870273,1857269,388244,4755,216126,38875,1051448,5437770,58662,0,0,36610,3807232,878592,0,0,0,0
462,0,0,3408379,870273,1855872,391057,4828,213457,39740,1055704,5438875,58665,0,0,36610,3807232,878592,0,0,0,0
463,0,0,16866,65857,126860,0,47112,178450,55907,0,197199,4638,0,0,642,17344,65792,0,0,0,0
464,0,0,16867,65857,126888,0,47146,178485,55956,0,197229,4641,0,0,642,17344,65792,0,0,0,0
465,0,0,16867,65857,126926,0,47065,178275,55798,0,197129,4641,0,0,642,17344,65792,0,0,0,0
466,0,0,33253,131458,256302,103861,108992,183378,117767,47755,328345,4842,0,0,772,34688,131584,0,0,0,0
467,0,0,33253,131458,256177,103797,108979,183487,117763,47733,328257,4842,0,0,772,34688,131584,0,0,0,0
468,0,0,33251,131458,256270,103867,109013,183379,117770,47785,328319,4839,0,0,772,34688,131584,0,0,0,0
469,0,0,66025,262596,507952,335819,225715,171912,236846,156020,583875,5052,0,0,904,69376,263168,0,0,0,0
470,0,0,66024,262596,508076,335006,225868,171089,236995,166092,583093,5049,0,0,904,69376,263168,0,0,0,0
471,0,0,66025,262596,508200,335852,225998,171309,237075,167171,583961,5052,0,0,904,69376,263168,0,0,0,0
472,0,0,98797,393900,760024,482585,335271,98497,353084,392265,856483,5760,0,0,1368,104064,394752,0,0,0,0
473,0,0,98796,393912,759871,479967,334907,102550,352870,399219,860076,5793,0,0,1392,104064,394752,0,0,0,0
474,0,0,98796,393906,760006,481372,335015,101070,352913,393552,858297,5775,0,0,1380,104064,394752,0,0,0,0
475,0,0,131569,525205,1011293,656243,445257,112283,468026,642438,1151452,6471,0,0,1834,138752,526336,0,0,0,0
476,0,0,131569,525184,1010219,645458,444317,106193,467837,648226,1131422,6408,0,0,1792,138752,526336,0,0,0,0
477,0,0,131568,525208,1011500,653141,445581,113436,468608,626608,1150580,6477,0,0,1840,138752,526336,0,0,0,0
478,0,0,164341,656489,1259409,808293,552282,127128,581429,931614,1415435,7119,0,0,2258,173440,657920,0,0,0,0
479,0,0,164341,656505,1260341,809770,552246,132048,581329,916847,1425059,7167,0,0,2290,173440,657920,0,0,0,0
480,0,0,164340,656494,1259151,801305,551589,131213,581153,910373,1413785,7131,0,0,2268,173440,657920,0,0,0,0
481,0,0,213498,853423,1628955,1056717,710146,145235,747492,1315971,1830513,8112,0,0,2910,225472,855296,0,0,0,0
482,0,0,213498,853408,1628889,1058497,710963,144309,748173,1308214,1825534,8067,0,0,2880,225472,855296,0,0,0,0
483,0,0,213498,853417,1629269,1056779,710779,141852,748091,1302211,1829104,8094,0,0,2898,225472,855296,0,0,0,0
484,0,0,262627,66817,155563,0,47338,418140,56042,1246,714030,7521,0,0,2562,265984,65792,0,0,0,0
485,0,0,262627,66817,155538,0,47279,418325,55997,1237,714046,7521,0,0,2562,265984,65792,0,0,0,0
486,0,0,262627,66817,155768,0,47334,418246,56038,1256,714055,7521,0,0,2562,265984,65792,0,0,0,0
487,0,0,524773,133122,293073,0,91785,398121,109452,63873,1069217,9834,0,0,4100,531968,131584,0,0,0,0
488,0,0,524773,133122,292977,0,91785,398182,109425,63763,1069233,9834,0,0,4100,531968,131584,0,0,0,0
489,0,0,524772,133122,293122,0,91752,398067,109379,63804,1069197,9831,0,0,4100,531968,131584,0,0,0,0
490,0,0,1049064,266496,621059,366905,229817,908034,238771,440577,2520702,16749,0,0,8704,1063936,263168,0,0,0,0
491,0,0,1049065,266487,619567,363975,227452,901955,236793,437367,2511271,16725,0,0,8686,1063936,263168,0,0,0,0
492,0,0,1049065,266496,621145,366873,229803,908365,238745,440858,2520935,16752,0,0,8704,1063936,263168,0,0,0,0
493,0,0,1573357,399555,906436,297530,311699,1194794,342507,516955,3473764,22725,0,0,12678,1595904,394752,0,0,0,0
494,0,0,1573357,399554,906803,304585,312246,1194263,342514,518988,3479507,22722,0,0,12676,1595904,394752,0,0,0,0
495,0,0,1573356,399549,905907,284661,310311,1194686,342000,498955,3459538,22704,0,0,12666,1595904,394752,0,0,0,0
496,0,0,2097649,532625,1195152,205385,395205,1539696,449766,532745,4405803,28731,0,0,16674,2127872,526336,0,0,0,0
497,0,0,2097649,532610,1187857,142735,386334,1545834,445474,469429,4347169,28686,0,0,16644,2127872,526336,0,0,0,0
498,0,0,2097648,532623,1194245,213718,395708,1537946,449677,542109,4413388,28722,0,0,16670,2127872,526336,0,0,0,0
499,0,0,2621941,665841,1493106,336947,495209,1897498,557948,778093,5585248,35175,0,0,20962,2659840,657920,0,0,0,0
500,0,0,2621941,665746,1481065,229679,482276,1883062,552668,650129,5445222,34890,0,0,20772,2659840,657920,0,0,0,0
501,0,0,2621940,665742,1480159,224417,481599,1881116,552358,645543,5439016,34875,0,0,20764,2659840,657920,0,0,0,0
502,0,0,3408378,865457,1943594,478569,641768,2408882,719691,1020400,7212255,44214,0,0,26978,3457792,855296,0,0,0,0
503,0,0,3408378,865363,1927894,407755,633674,2359988,716896,956194,7100937,43932,0,0,26790,3457792,855296,0,0,0,0
504,0,0,3408379,865431,1935998,449463,638165,2402781,718185,988597,7174174,44139,0,0,26926,3457792,855296,0,0,0,0
